column_name,label
name,0
full_name,0
first_name,0
last_name,0
fname,0
lname,0
given_name,0
surname,0
email,0
email_address,0
mail,0
e_mail,0
phone,0
phone_number,0
mobile,0
cell,0
telephone,0
contact_number,0
fax,0
ssn,0
social_security,0
social_security_number,0
tax_id,0
tin,0
national_id,0
nid,0
aadhaar,0
aadhaar_number,0
pan,0
pan_number,0
passport,0
passport_number,0
passport_no,0
drivers_license,0
license_number,0
dl_number,0
voter_id,0
voter_card,0
address,0
home_address,0
street_address,0
street,0
address_line1,0
address_line2,0
ip_address,0
ipv4,0
ipv6,0
mac_address,0
device_id,0
imei,0
serial_number,0
user_id,0
userid,0
username,0
login,0
account_number,0
account_no,0
bank_account,0
credit_card,0
card_number,0
card_no,0
cvv,0
pin,0
otp,0
dob,0
date_of_birth,0
birth_date,0
birthdate,0
birth_place,0
place_of_birth,0
employee_id,0
emp_id,0
staff_id,0
student_id,0
roll_number,0
enrollment_no,0
patient_id,0
mrn,0
medical_record_number,0
policy_number,0
policy_no,0
claim_id,0
vehicle_number,0
vin,0
registration_number,0
biometric,0
fingerprint,0
face_id,0
iris,0
gps_location,0
latitude,0
longitude,0
customer_id,0
client_id,0
member_id,0
nhs_number,0
health_id,0
eid,0
age,1
age_group,1
age_range,1
age_band,1
gender,1
sex,1
gender_identity,1
race,1
ethnicity,1
ethnic_group,1
nationality,1
zip,1
zip_code,1
zipcode,1
postal_code,1
postcode,1
pin_code,1
city,1
town,1
municipality,1
state,1
province,1
region,1
district,1
country,1
nation,1
marital_status,1
marital,1
married,1
education,1
education_level,1
degree,1
qualification,1
highest_qualification,1
occupation,1
job_title,1
profession,1
employment_status,1
work_status,1
industry,1
sector,1
birth_year,1
year_of_birth,1
birth_month,1
household_size,1
family_size,1
num_children,1
number_of_dependents,1
dependents,1
religion,1
caste,1
tribe,1
language,1
mother_tongue,1
native_language,1
citizenship,1
residence_status,1
visa_type,1
weight,1
height,1
bmi,1
body_mass_index,1
blood_type,1
blood_group,1
disability_status,1
handicap,1
veteran_status,1
military_status,1
housing_type,1
residence_type,1
dwelling,1
area_code,1
county,1
borough,1
income_bracket,1
income_range,1
salary_band,1
socioeconomic_status,1
ses,1
work_experience,1
years_of_experience,1
salary,2
income,2
annual_income,2
monthly_income,2
wage,2
hourly_rate,2
earnings,2
net_salary,2
gross_salary,2
take_home,2
compensation,2
bonus,2
commission,2
overtime,2
credit_score,2
cibil_score,2
fico_score,2
credit_rating,2
credit_risk,2
loan_amount,2
outstanding_loan,2
debt,2
mortgage,2
emi,2
balance,2
bank_balance,2
savings,2
net_worth,2
assets,2
liabilities,2
tax_paid,2
tax_amount,2
tax_bracket,2
penalty,2
fine,2
diagnosis,2
medical_condition,2
disease,2
illness,2
disorder,2
syndrome,2
hiv_status,2
aids,2
cancer_type,2
diabetes_type,2
blood_pressure,2
cholesterol,2
medication,2
prescription,2
drug_name,2
treatment,2
therapy,2
surgery,2
test_result,2
lab_result,2
pathology_result,2
mental_health,2
depression,2
anxiety,2
psychiatric_condition,2
psychological_condition,2
substance_use,2
alcohol_use,2
drug_use,2
smoking_status,2
tobacco_use,2
pregnancy,2
reproductive_health,2
criminal_record,2
arrest,2
conviction,2
felony,2
misdemeanor,2
offense,2
political_affiliation,2
political_party,2
vote,2
sexual_orientation,2
lgbtq_status,2
performance_rating,2
performance_score,2
appraisal,2
review_score,2
gpa,2
grade,2
marks,2
score,2
exam_result,2
test_score,2
academic_result,2
insurance_claim,2
claim_amount,2
payout,2
welfare_benefit,2
subsidy,2
social_security_benefit,2
investment,2
portfolio_value,2
stock_holdings,2
property_value,2
real_estate,2
bankruptcy,2
insolvency,2
default,2
id,3
row_id,3
record_id,3
index,3
idx,3
seq,3
sequence_number,3
serial,3
created_at,3
updated_at,3
timestamp,3
created_date,3
modified_date,3
last_updated,3
date,3
time,3
datetime,3
year,3
month,3
day,3
week,3
product_id,3
item_id,3
sku,3
product_code,3
product_name,3
item_name,3
product_category,3
category,3
subcategory,3
department,3
brand,3
manufacturer,3
model,3
order_id,3
transaction_id,3
invoice_id,3
receipt_number,3
booking_id,3
reservation_id,3
quantity,3
units,3
count,3
total,3
amount,3
price,3
cost,3
fee,3
discount,3
tax,3
vat,3
gst,3
rating,3
review,3
feedback,3
comment,3
status,3
flag,3
is_active,3
is_deleted,3
enabled,3
approved,3
verified,3
version,3
revision,3
build_number,3
session_id,3
log_id,3
event_id,3
page_views,3
clicks,3
impressions,3
conversion,3
bounce_rate,3
ctr,3
latitude_zone,3
region_code,3
area_name,3
store_id,3
branch_id,3
outlet_id,3
channel,3
source,3
medium,3
campaign,3
tag,3
label,3
type,3
class,3
priority,3
severity,3
level,3
duration,3
frequency,3
interval,3
file_name,3
file_type,3
extension,3
language_code,3
locale,3
timezone,3
currency,3
exchange_rate,3
color,3
size,3
weight_kg,3
dimension,3
description,3
notes,3
remarks,3
summary,3
target,3
output,3
prediction,3
class_label,3
name_info,0
name_details,0
customer_name,0
current_name,0
patient_name,0
name_data,0
new_name,0
name_code,0
name_value,0
user_name,0
name_number,0
name,0
staff_name,0
monthly_name,0
employee_name,0
name_amount,0
name_id,0
previous_name,0
annual_name,0
old_name,0
full_name_code,0
full_name_data,0
full_name_value,0
full_name_number,0
full_name_info,0
monthly_full_name,0
full_name_id,0
patient_full_name,0
annual_full_name,0
old_full_name,0
customer_full_name,0
full_name_details,0
full_name_amount,0
user_full_name,0
previous_full_name,0
new_full_name,0
staff_full_name,0
full_name,0
employee_full_name,0
current_full_name,0
first_name_amount,0
user_first_name,0
previous_first_name,0
monthly_first_name,0
first_name_id,0
customer_first_name,0
first_name_value,0
first_name_details,0
first_name_data,0
patient_first_name,0
current_first_name,0
staff_first_name,0
first_name_code,0
annual_first_name,0
old_first_name,0
new_first_name,0
employee_first_name,0
first_name_number,0
first_name,0
first_name_info,0
monthly_last_name,0
last_name_info,0
last_name_amount,0
previous_last_name,0
employee_last_name,0
last_name_value,0
last_name_number,0
annual_last_name,0
user_last_name,0
last_name_details,0
last_name_id,0
staff_last_name,0
last_name_code,0
customer_last_name,0
last_name_data,0
last_name,0
old_last_name,0
patient_last_name,0
new_last_name,0
current_last_name,0
monthly_fname,0
user_fname,0
fname_number,0
employee_fname,0
annual_fname,0
staff_fname,0
fname_amount,0
fname_details,0
fname_data,0
fname,0
previous_fname,0
new_fname,0
fname_value,0
customer_fname,0
fname_code,0
patient_fname,0
fname_info,0
old_fname,0
current_fname,0
fname_id,0
current_lname,0
lname_details,0
lname_data,0
lname_info,0
employee_lname,0
lname_number,0
new_lname,0
lname_amount,0
lname_code,0
lname_value,0
user_lname,0
customer_lname,0
staff_lname,0
previous_lname,0
lname,0
monthly_lname,0
patient_lname,0
lname_id,0
annual_lname,0
old_lname,0
given_name,0
given_name_amount,0
given_name_value,0
customer_given_name,0
previous_given_name,0
given_name_number,0
employee_given_name,0
given_name_data,0
monthly_given_name,0
given_name_info,0
given_name_id,0
annual_given_name,0
current_given_name,0
old_given_name,0
new_given_name,0
given_name_code,0
patient_given_name,0
given_name_details,0
staff_given_name,0
user_given_name,0
surname_data,0
surname_amount,0
patient_surname,0
surname_value,0
customer_surname,0
annual_surname,0
old_surname,0
monthly_surname,0
current_surname,0
surname_id,0
surname_info,0
previous_surname,0
surname_number,0
surname_code,0
employee_surname,0
surname_details,0
surname,0
user_surname,0
new_surname,0
staff_surname,0
email_data,0
email_details,0
employee_email,0
email_value,0
old_email,0
previous_email,0
email_number,0
staff_email,0
patient_email,0
email_id,0
customer_email,0
email_code,0
email_info,0
current_email,0
monthly_email,0
email,0
user_email,0
annual_email,0
new_email,0
email_amount,0
email_address_info,0
customer_email_address,0
email_address_value,0
patient_email_address,0
email_address_id,0
email_address_amount,0
email_address_data,0
annual_email_address,0
staff_email_address,0
email_address,0
previous_email_address,0
email_address_code,0
user_email_address,0
employee_email_address,0
monthly_email_address,0
old_email_address,0
email_address_details,0
current_email_address,0
new_email_address,0
email_address_number,0
mail_details,0
employee_mail,0
patient_mail,0
mail_code,0
annual_mail,0
mail_info,0
user_mail,0
staff_mail,0
mail_amount,0
mail_data,0
mail,0
previous_mail,0
monthly_mail,0
new_mail,0
mail_id,0
current_mail,0
mail_value,0
old_mail,0
mail_number,0
customer_mail,0
employee_e_mail,0
e_mail_details,0
old_e_mail,0
annual_e_mail,0
previous_e_mail,0
e_mail_data,0
e_mail_id,0
new_e_mail,0
e_mail_number,0
current_e_mail,0
e_mail,0
e_mail_code,0
monthly_e_mail,0
e_mail_info,0
user_e_mail,0
customer_e_mail,0
staff_e_mail,0
patient_e_mail,0
e_mail_value,0
e_mail_amount,0
phone_number,0
phone_id,0
phone_details,0
current_phone,0
new_phone,0
annual_phone,0
phone,0
monthly_phone,0
customer_phone,0
phone_code,0
phone_amount,0
phone_info,0
staff_phone,0
old_phone,0
phone_data,0
phone_value,0
patient_phone,0
previous_phone,0
employee_phone,0
user_phone,0
phone_number,0
phone_number_amount,0
patient_phone_number,0
annual_phone_number,0
monthly_phone_number,0
phone_number_code,0
new_phone_number,0
old_phone_number,0
previous_phone_number,0
phone_number_data,0
current_phone_number,0
phone_number_id,0
phone_number_value,0
phone_number_number,0
phone_number_details,0
phone_number_info,0
staff_phone_number,0
customer_phone_number,0
user_phone_number,0
employee_phone_number,0
user_mobile,0
customer_mobile,0
monthly_mobile,0
mobile_code,0
mobile_info,0
annual_mobile,0
new_mobile,0
mobile,0
staff_mobile,0
patient_mobile,0
mobile_details,0
previous_mobile,0
employee_mobile,0
old_mobile,0
mobile_amount,0
mobile_value,0
current_mobile,0
mobile_data,0
mobile_id,0
mobile_number,0
employee_cell,0
cell_amount,0
new_cell,0
cell,0
cell_info,0
user_cell,0
cell_data,0
cell_code,0
previous_cell,0
cell_value,0
cell_number,0
staff_cell,0
monthly_cell,0
annual_cell,0
cell_id,0
cell_details,0
current_cell,0
customer_cell,0
old_cell,0
patient_cell,0
telephone_details,0
telephone,0
monthly_telephone,0
telephone_info,0
annual_telephone,0
telephone_value,0
telephone_amount,0
telephone_id,0
staff_telephone,0
new_telephone,0
telephone_data,0
telephone_number,0
user_telephone,0
current_telephone,0
previous_telephone,0
telephone_code,0
employee_telephone,0
customer_telephone,0
old_telephone,0
patient_telephone,0
employee_contact_number,0
monthly_contact_number,0
contact_number_data,0
contact_number_code,0
contact_number,0
contact_number_number,0
previous_contact_number,0
user_contact_number,0
contact_number_value,0
old_contact_number,0
customer_contact_number,0
contact_number_id,0
new_contact_number,0
patient_contact_number,0
staff_contact_number,0
annual_contact_number,0
contact_number_info,0
current_contact_number,0
contact_number_amount,0
contact_number_details,0
fax_amount,0
patient_fax,0
fax,0
fax_details,0
fax_info,0
previous_fax,0
current_fax,0
user_fax,0
fax_value,0
customer_fax,0
new_fax,0
fax_data,0
staff_fax,0
old_fax,0
fax_id,0
fax_number,0
monthly_fax,0
fax_code,0
annual_fax,0
employee_fax,0
staff_ssn,0
previous_ssn,0
ssn_data,0
customer_ssn,0
annual_ssn,0
old_ssn,0
ssn_id,0
ssn_number,0
ssn_amount,0
ssn_info,0
ssn_code,0
current_ssn,0
ssn_value,0
patient_ssn,0
user_ssn,0
ssn,0
new_ssn,0
monthly_ssn,0
employee_ssn,0
ssn_details,0
social_security_value,0
staff_social_security,0
old_social_security,0
social_security_amount,0
social_security_info,0
customer_social_security,0
social_security_id,0
social_security,0
social_security_details,0
social_security_data,0
user_social_security,0
previous_social_security,0
new_social_security,0
employee_social_security,0
current_social_security,0
patient_social_security,0
monthly_social_security,0
annual_social_security,0
social_security_code,0
social_security_number,0
customer_social_security_number,0
user_social_security_number,0
social_security_number_info,0
employee_social_security_number,0
annual_social_security_number,0
current_social_security_number,0
social_security_number_amount,0
social_security_number_value,0
social_security_number_code,0
staff_social_security_number,0
social_security_number_number,0
monthly_social_security_number,0
previous_social_security_number,0
old_social_security_number,0
social_security_number_id,0
social_security_number_details,0
social_security_number_data,0
new_social_security_number,0
patient_social_security_number,0
social_security_number,0
tax_id,0
user_tax_id,0
previous_tax_id,0
tax_id_number,0
patient_tax_id,0
tax_id_id,0
customer_tax_id,0
tax_id_info,0
tax_id_amount,0
tax_id_value,0
monthly_tax_id,0
tax_id_details,0
staff_tax_id,0
tax_id_data,0
tax_id_code,0
employee_tax_id,0
new_tax_id,0
annual_tax_id,0
current_tax_id,0
old_tax_id,0
tin,0
staff_tin,0
user_tin,0
old_tin,0
previous_tin,0
tin_id,0
new_tin,0
tin_details,0
employee_tin,0
tin_info,0
patient_tin,0
tin_data,0
tin_amount,0
tin_number,0
tin_value,0
annual_tin,0
current_tin,0
customer_tin,0
monthly_tin,0
tin_code,0
old_national_id,0
monthly_national_id,0
annual_national_id,0
employee_national_id,0
current_national_id,0
national_id_amount,0
national_id_number,0
new_national_id,0
national_id_details,0
patient_national_id,0
national_id_id,0
national_id,0
national_id_code,0
customer_national_id,0
national_id_data,0
national_id_info,0
national_id_value,0
staff_national_id,0
user_national_id,0
previous_national_id,0
patient_nid,0
nid_code,0
nid_details,0
current_nid,0
customer_nid,0
user_nid,0
new_nid,0
nid_id,0
annual_nid,0
staff_nid,0
nid_value,0
nid,0
old_nid,0
nid_number,0
employee_nid,0
nid_amount,0
nid_data,0
nid_info,0
monthly_nid,0
previous_nid,0
aadhaar_id,0
patient_aadhaar,0
customer_aadhaar,0
aadhaar_data,0
old_aadhaar,0
current_aadhaar,0
monthly_aadhaar,0
employee_aadhaar,0
aadhaar_details,0
staff_aadhaar,0
annual_aadhaar,0
aadhaar_number,0
aadhaar_info,0
aadhaar_code,0
new_aadhaar,0
aadhaar_value,0
aadhaar_amount,0
aadhaar,0
user_aadhaar,0
previous_aadhaar,0
previous_aadhaar_number,0
old_aadhaar_number,0
aadhaar_number_code,0
monthly_aadhaar_number,0
employee_aadhaar_number,0
patient_aadhaar_number,0
aadhaar_number_amount,0
aadhaar_number_id,0
aadhaar_number_number,0
user_aadhaar_number,0
annual_aadhaar_number,0
new_aadhaar_number,0
staff_aadhaar_number,0
aadhaar_number_value,0
aadhaar_number,0
customer_aadhaar_number,0
aadhaar_number_data,0
aadhaar_number_details,0
current_aadhaar_number,0
aadhaar_number_info,0
monthly_pan,0
user_pan,0
previous_pan,0
patient_pan,0
new_pan,0
pan_value,0
pan_info,0
pan_amount,0
old_pan,0
annual_pan,0
pan_code,0
employee_pan,0
pan_data,0
pan_details,0
staff_pan,0
customer_pan,0
pan_id,0
current_pan,0
pan,0
pan_number,0
customer_pan_number,0
employee_pan_number,0
pan_number_code,0
previous_pan_number,0
pan_number_amount,0
annual_pan_number,0
patient_pan_number,0
pan_number_data,0
new_pan_number,0
staff_pan_number,0
current_pan_number,0
pan_number_details,0
pan_number_number,0
pan_number_info,0
user_pan_number,0
pan_number_id,0
monthly_pan_number,0
old_pan_number,0
pan_number_value,0
pan_number,0
user_passport,0
passport_value,0
passport_id,0
passport_details,0
employee_passport,0
passport,0
passport_amount,0
new_passport,0
passport_data,0
previous_passport,0
passport_code,0
customer_passport,0
passport_info,0
staff_passport,0
passport_number,0
old_passport,0
patient_passport,0
annual_passport,0
current_passport,0
monthly_passport,0
passport_number_code,0
passport_number_id,0
employee_passport_number,0
previous_passport_number,0
staff_passport_number,0
patient_passport_number,0
passport_number_info,0
passport_number_value,0
old_passport_number,0
user_passport_number,0
passport_number,0
passport_number_details,0
customer_passport_number,0
new_passport_number,0
annual_passport_number,0
passport_number_number,0
passport_number_amount,0
passport_number_data,0
current_passport_number,0
monthly_passport_number,0
annual_passport_no,0
passport_no_number,0
passport_no_value,0
passport_no_details,0
passport_no_info,0
staff_passport_no,0
employee_passport_no,0
previous_passport_no,0
passport_no_amount,0
new_passport_no,0
passport_no_code,0
old_passport_no,0
user_passport_no,0
passport_no,0
monthly_passport_no,0
patient_passport_no,0
passport_no_id,0
passport_no_data,0
current_passport_no,0
customer_passport_no,0
customer_drivers_license,0
new_drivers_license,0
drivers_license_value,0
annual_drivers_license,0
drivers_license,0
employee_drivers_license,0
drivers_license_id,0
monthly_drivers_license,0
staff_drivers_license,0
drivers_license_amount,0
drivers_license_details,0
patient_drivers_license,0
drivers_license_info,0
previous_drivers_license,0
user_drivers_license,0
drivers_license_number,0
old_drivers_license,0
drivers_license_data,0
current_drivers_license,0
drivers_license_code,0
previous_license_number,0
license_number_number,0
old_license_number,0
customer_license_number,0
license_number_code,0
license_number_amount,0
license_number_info,0
monthly_license_number,0
license_number_data,0
employee_license_number,0
license_number_id,0
patient_license_number,0
annual_license_number,0
new_license_number,0
license_number_details,0
license_number_value,0
license_number,0
current_license_number,0
staff_license_number,0
user_license_number,0
customer_dl_number,0
previous_dl_number,0
dl_number_number,0
current_dl_number,0
dl_number_code,0
annual_dl_number,0
dl_number_id,0
staff_dl_number,0
patient_dl_number,0
employee_dl_number,0
dl_number,0
dl_number_data,0
dl_number_details,0
new_dl_number,0
user_dl_number,0
dl_number_info,0
old_dl_number,0
dl_number_value,0
dl_number_amount,0
monthly_dl_number,0
voter_id_number,0
voter_id_value,0
voter_id_details,0
employee_voter_id,0
voter_id,0
voter_id_data,0
user_voter_id,0
voter_id_amount,0
voter_id_id,0
previous_voter_id,0
customer_voter_id,0
voter_id_info,0
voter_id_code,0
staff_voter_id,0
old_voter_id,0
monthly_voter_id,0
new_voter_id,0
current_voter_id,0
annual_voter_id,0
patient_voter_id,0
voter_card,0
voter_card_code,0
voter_card_info,0
voter_card_details,0
voter_card_value,0
current_voter_card,0
old_voter_card,0
patient_voter_card,0
voter_card_data,0
staff_voter_card,0
customer_voter_card,0
monthly_voter_card,0
voter_card_amount,0
employee_voter_card,0
voter_card_number,0
annual_voter_card,0
user_voter_card,0
new_voter_card,0
voter_card_id,0
previous_voter_card,0
address,0
monthly_address,0
old_address,0
patient_address,0
address_code,0
user_address,0
address_value,0
address_details,0
customer_address,0
staff_address,0
address_number,0
address_id,0
previous_address,0
annual_address,0
employee_address,0
new_address,0
address_amount,0
address_data,0
current_address,0
address_info,0
home_address,0
new_home_address,0
customer_home_address,0
home_address_details,0
home_address_id,0
home_address_number,0
user_home_address,0
annual_home_address,0
monthly_home_address,0
home_address_amount,0
previous_home_address,0
patient_home_address,0
home_address_info,0
home_address_value,0
current_home_address,0
employee_home_address,0
home_address_data,0
home_address_code,0
old_home_address,0
staff_home_address,0
user_street_address,0
street_address,0
street_address_amount,0
street_address_details,0
monthly_street_address,0
street_address_number,0
employee_street_address,0
street_address_info,0
old_street_address,0
current_street_address,0
street_address_value,0
street_address_id,0
patient_street_address,0
annual_street_address,0
previous_street_address,0
customer_street_address,0
street_address_data,0
new_street_address,0
street_address_code,0
staff_street_address,0
user_street,0
previous_street,0
new_street,0
old_street,0
annual_street,0
street_id,0
patient_street,0
street_amount,0
staff_street,0
street_number,0
street_value,0
street_data,0
street_details,0
current_street,0
monthly_street,0
street_info,0
employee_street,0
street,0
street_code,0
customer_street,0
address_line1_number,0
address_line1_value,0
staff_address_line1,0
address_line1_id,0
current_address_line1,0
annual_address_line1,0
patient_address_line1,0
customer_address_line1,0
address_line1_amount,0
address_line1_details,0
address_line1_code,0
address_line1,0
user_address_line1,0
address_line1_info,0
employee_address_line1,0
new_address_line1,0
previous_address_line1,0
old_address_line1,0
monthly_address_line1,0
address_line1_data,0
staff_address_line2,0
user_address_line2,0
address_line2_info,0
address_line2_amount,0
old_address_line2,0
employee_address_line2,0
address_line2_details,0
address_line2_number,0
monthly_address_line2,0
address_line2,0
current_address_line2,0
address_line2_data,0
annual_address_line2,0
patient_address_line2,0
address_line2_code,0
address_line2_value,0
address_line2_id,0
customer_address_line2,0
previous_address_line2,0
new_address_line2,0
ip_address_details,0
ip_address_value,0
old_ip_address,0
customer_ip_address,0
ip_address_code,0
ip_address,0
employee_ip_address,0
staff_ip_address,0
patient_ip_address,0
monthly_ip_address,0
annual_ip_address,0
user_ip_address,0
ip_address_amount,0
ip_address_data,0
previous_ip_address,0
new_ip_address,0
ip_address_info,0
current_ip_address,0
ip_address_id,0
ip_address_number,0
ipv4_number,0
ipv4_id,0
old_ipv4,0
ipv4,0
current_ipv4,0
ipv4_code,0
staff_ipv4,0
ipv4_data,0
ipv4_details,0
annual_ipv4,0
patient_ipv4,0
ipv4_value,0
user_ipv4,0
employee_ipv4,0
ipv4_amount,0
ipv4_info,0
new_ipv4,0
monthly_ipv4,0
customer_ipv4,0
previous_ipv4,0
ipv6_details,0
ipv6_id,0
employee_ipv6,0
old_ipv6,0
ipv6,0
new_ipv6,0
annual_ipv6,0
previous_ipv6,0
ipv6_number,0
ipv6_info,0
ipv6_data,0
patient_ipv6,0
ipv6_value,0
user_ipv6,0
ipv6_amount,0
monthly_ipv6,0
customer_ipv6,0
staff_ipv6,0
ipv6_code,0
current_ipv6,0
new_mac_address,0
mac_address_details,0
current_mac_address,0
staff_mac_address,0
user_mac_address,0
mac_address_data,0
previous_mac_address,0
employee_mac_address,0
monthly_mac_address,0
mac_address_amount,0
customer_mac_address,0
old_mac_address,0
annual_mac_address,0
mac_address_value,0
mac_address_id,0
mac_address_info,0
mac_address_number,0
patient_mac_address,0
mac_address,0
mac_address_code,0
annual_device_id,0
device_id_data,0
device_id_id,0
device_id_amount,0
device_id_info,0
device_id_number,0
previous_device_id,0
device_id_code,0
patient_device_id,0
user_device_id,0
old_device_id,0
staff_device_id,0
current_device_id,0
device_id,0
customer_device_id,0
employee_device_id,0
monthly_device_id,0
device_id_value,0
device_id_details,0
new_device_id,0
user_imei,0
customer_imei,0
imei_details,0
imei_number,0
staff_imei,0
imei_code,0
monthly_imei,0
previous_imei,0
current_imei,0
annual_imei,0
imei_data,0
imei_id,0
imei_info,0
imei,0
imei_amount,0
new_imei,0
imei_value,0
patient_imei,0
old_imei,0
employee_imei,0
new_serial_number,0
old_serial_number,0
customer_serial_number,0
employee_serial_number,0
annual_serial_number,0
serial_number_info,0
serial_number_number,0
previous_serial_number,0
serial_number_id,0
serial_number_amount,0
monthly_serial_number,0
staff_serial_number,0
user_serial_number,0
serial_number_code,0
serial_number_value,0
serial_number_details,0
serial_number_data,0
current_serial_number,0
patient_serial_number,0
serial_number,0
customer_user_id,0
staff_user_id,0
patient_user_id,0
monthly_user_id,0
user_id_info,0
new_user_id,0
old_user_id,0
current_user_id,0
user_id_amount,0
user_id_code,0
user_id_data,0
user_id_id,0
user_id_number,0
annual_user_id,0
user_id_value,0
user_user_id,0
employee_user_id,0
previous_user_id,0
user_id,0
user_id_details,0
old_userid,0
userid_number,0
userid_data,0
userid_id,0
staff_userid,0
customer_userid,0
userid_amount,0
new_userid,0
user_userid,0
current_userid,0
userid_info,0
employee_userid,0
patient_userid,0
userid_value,0
userid_details,0
userid_code,0
userid,0
annual_userid,0
previous_userid,0
monthly_userid,0
patient_username,0
username_details,0
user_username,0
username_data,0
customer_username,0
staff_username,0
previous_username,0
username_id,0
annual_username,0
monthly_username,0
username_amount,0
current_username,0
username_info,0
employee_username,0
username_value,0
username_number,0
new_username,0
username,0
old_username,0
username_code,0
login_id,0
login_value,0
login_code,0
customer_login,0
patient_login,0
login_amount,0
staff_login,0
login_number,0
monthly_login,0
annual_login,0
login,0
login_data,0
current_login,0
new_login,0
previous_login,0
user_login,0
employee_login,0
login_info,0
old_login,0
login_details,0
old_account_number,0
previous_account_number,0
account_number_info,0
user_account_number,0
customer_account_number,0
annual_account_number,0
account_number_data,0
account_number_details,0
monthly_account_number,0
patient_account_number,0
staff_account_number,0
current_account_number,0
account_number,0
account_number_amount,0
new_account_number,0
account_number_code,0
account_number_number,0
account_number_value,0
account_number_id,0
employee_account_number,0
old_account_no,0
user_account_no,0
new_account_no,0
monthly_account_no,0
account_no_info,0
current_account_no,0
account_no_id,0
patient_account_no,0
account_no_value,0
customer_account_no,0
annual_account_no,0
account_no,0
account_no_amount,0
employee_account_no,0
account_no_data,0
account_no_code,0
account_no_details,0
account_no_number,0
staff_account_no,0
previous_account_no,0
customer_bank_account,0
bank_account_number,0
new_bank_account,0
old_bank_account,0
annual_bank_account,0
bank_account_id,0
patient_bank_account,0
previous_bank_account,0
bank_account_code,0
bank_account_amount,0
bank_account_details,0
bank_account_info,0
monthly_bank_account,0
bank_account_data,0
employee_bank_account,0
user_bank_account,0
bank_account,0
staff_bank_account,0
bank_account_value,0
current_bank_account,0
credit_card,0
current_credit_card,0
credit_card_info,0
employee_credit_card,0
credit_card_value,0
patient_credit_card,0
credit_card_data,0
user_credit_card,0
annual_credit_card,0
previous_credit_card,0
credit_card_id,0
monthly_credit_card,0
staff_credit_card,0
customer_credit_card,0
credit_card_amount,0
credit_card_code,0
old_credit_card,0
credit_card_details,0
new_credit_card,0
credit_card_number,0
card_number_data,0
card_number_details,0
old_card_number,0
staff_card_number,0
user_card_number,0
monthly_card_number,0
previous_card_number,0
card_number_amount,0
card_number_info,0
current_card_number,0
customer_card_number,0
card_number_id,0
card_number,0
card_number_code,0
annual_card_number,0
card_number_number,0
card_number_value,0
new_card_number,0
employee_card_number,0
patient_card_number,0
old_card_no,0
card_no_number,0
customer_card_no,0
user_card_no,0
annual_card_no,0
card_no,0
previous_card_no,0
card_no_details,0
card_no_value,0
card_no_code,0
employee_card_no,0
monthly_card_no,0
card_no_id,0
staff_card_no,0
card_no_data,0
card_no_info,0
current_card_no,0
card_no_amount,0
new_card_no,0
patient_card_no,0
previous_cvv,0
cvv_details,0
cvv_info,0
cvv,0
old_cvv,0
staff_cvv,0
patient_cvv,0
current_cvv,0
annual_cvv,0
cvv_data,0
monthly_cvv,0
employee_cvv,0
cvv_amount,0
cvv_value,0
cvv_code,0
user_cvv,0
cvv_number,0
customer_cvv,0
cvv_id,0
new_cvv,0
pin_data,0
pin_amount,0
pin,0
current_pin,0
new_pin,0
patient_pin,0
pin_id,0
pin_number,0
pin_code,0
old_pin,0
pin_value,0
customer_pin,0
user_pin,0
previous_pin,0
monthly_pin,0
pin_details,0
staff_pin,0
pin_info,0
employee_pin,0
annual_pin,0
annual_otp,0
staff_otp,0
old_otp,0
previous_otp,0
otp_number,0
otp_details,0
otp_id,0
customer_otp,0
new_otp,0
otp_data,0
otp,0
otp_info,0
monthly_otp,0
user_otp,0
employee_otp,0
patient_otp,0
otp_code,0
current_otp,0
otp_amount,0
otp_value,0
user_dob,0
customer_dob,0
previous_dob,0
old_dob,0
dob_data,0
dob_id,0
dob_code,0
dob_info,0
current_dob,0
new_dob,0
monthly_dob,0
dob_amount,0
annual_dob,0
dob_details,0
dob,0
patient_dob,0
dob_value,0
staff_dob,0
dob_number,0
employee_dob,0
new_date_of_birth,0
user_date_of_birth,0
staff_date_of_birth,0
date_of_birth_data,0
customer_date_of_birth,0
previous_date_of_birth,0
date_of_birth_code,0
date_of_birth_amount,0
date_of_birth_details,0
current_date_of_birth,0
date_of_birth_value,0
date_of_birth_number,0
patient_date_of_birth,0
date_of_birth,0
date_of_birth_id,0
monthly_date_of_birth,0
employee_date_of_birth,0
date_of_birth_info,0
annual_date_of_birth,0
old_date_of_birth,0
staff_birth_date,0
birth_date_info,0
birth_date_code,0
birth_date_amount,0
customer_birth_date,0
birth_date_data,0
previous_birth_date,0
employee_birth_date,0
monthly_birth_date,0
current_birth_date,0
birth_date,0
new_birth_date,0
old_birth_date,0
annual_birth_date,0
birth_date_details,0
birth_date_number,0
birth_date_id,0
user_birth_date,0
patient_birth_date,0
birth_date_value,0
old_birthdate,0
staff_birthdate,0
new_birthdate,0
birthdate_data,0
user_birthdate,0
birthdate_details,0
birthdate_number,0
birthdate,0
birthdate_id,0
annual_birthdate,0
birthdate_amount,0
birthdate_value,0
current_birthdate,0
birthdate_code,0
birthdate_info,0
previous_birthdate,0
customer_birthdate,0
monthly_birthdate,0
patient_birthdate,0
employee_birthdate,0
current_birth_place,0
birth_place_code,0
previous_birth_place,0
birth_place_data,0
customer_birth_place,0
patient_birth_place,0
staff_birth_place,0
user_birth_place,0
annual_birth_place,0
birth_place_id,0
birth_place_amount,0
monthly_birth_place,0
birth_place_value,0
new_birth_place,0
birth_place_info,0
birth_place_details,0
employee_birth_place,0
birth_place,0
old_birth_place,0
birth_place_number,0
employee_place_of_birth,0
old_place_of_birth,0
place_of_birth_code,0
place_of_birth_info,0
patient_place_of_birth,0
previous_place_of_birth,0
monthly_place_of_birth,0
place_of_birth_amount,0
customer_place_of_birth,0
annual_place_of_birth,0
place_of_birth_details,0
user_place_of_birth,0
place_of_birth_id,0
current_place_of_birth,0
place_of_birth,0
new_place_of_birth,0
place_of_birth_data,0
place_of_birth_value,0
place_of_birth_number,0
staff_place_of_birth,0
employee_id_id,0
employee_id_amount,0
employee_id_info,0
employee_id_code,0
employee_id_details,0
monthly_employee_id,0
staff_employee_id,0
employee_employee_id,0
previous_employee_id,0
employee_id,0
employee_id_value,0
employee_id_number,0
employee_id_data,0
patient_employee_id,0
user_employee_id,0
annual_employee_id,0
old_employee_id,0
customer_employee_id,0
current_employee_id,0
new_employee_id,0
new_emp_id,0
current_emp_id,0
previous_emp_id,0
staff_emp_id,0
emp_id_value,0
emp_id_number,0
customer_emp_id,0
emp_id_id,0
annual_emp_id,0
emp_id_amount,0
emp_id_details,0
user_emp_id,0
emp_id_info,0
emp_id_data,0
old_emp_id,0
patient_emp_id,0
emp_id,0
employee_emp_id,0
monthly_emp_id,0
emp_id_code,0
user_staff_id,0
customer_staff_id,0
annual_staff_id,0
staff_id_number,0
staff_id_id,0
staff_id_details,0
monthly_staff_id,0
staff_id_data,0
new_staff_id,0
staff_staff_id,0
staff_id_amount,0
staff_id,0
current_staff_id,0
patient_staff_id,0
employee_staff_id,0
staff_id_code,0
staff_id_info,0
old_staff_id,0
staff_id_value,0
previous_staff_id,0
employee_student_id,0
new_student_id,0
student_id_value,0
student_id_info,0
staff_student_id,0
student_id_number,0
previous_student_id,0
student_id_code,0
student_id_data,0
patient_student_id,0
current_student_id,0
student_id_amount,0
student_id_details,0
monthly_student_id,0
user_student_id,0
customer_student_id,0
old_student_id,0
annual_student_id,0
student_id_id,0
student_id,0
roll_number_data,0
new_roll_number,0
customer_roll_number,0
current_roll_number,0
patient_roll_number,0
old_roll_number,0
previous_roll_number,0
roll_number_amount,0
roll_number_code,0
roll_number_id,0
monthly_roll_number,0
roll_number_number,0
roll_number,0
staff_roll_number,0
user_roll_number,0
roll_number_details,0
employee_roll_number,0
roll_number_info,0
roll_number_value,0
annual_roll_number,0
employee_enrollment_no,0
enrollment_no_data,0
current_enrollment_no,0
patient_enrollment_no,0
enrollment_no_id,0
enrollment_no_info,0
previous_enrollment_no,0
enrollment_no_value,0
monthly_enrollment_no,0
annual_enrollment_no,0
enrollment_no_number,0
enrollment_no,0
old_enrollment_no,0
enrollment_no_amount,0
user_enrollment_no,0
staff_enrollment_no,0
customer_enrollment_no,0
enrollment_no_details,0
new_enrollment_no,0
enrollment_no_code,0
patient_id,0
patient_id_number,0
old_patient_id,0
new_patient_id,0
patient_id_value,0
annual_patient_id,0
employee_patient_id,0
patient_id_details,0
patient_id_code,0
user_patient_id,0
patient_id_info,0
patient_id_data,0
patient_id_amount,0
previous_patient_id,0
customer_patient_id,0
current_patient_id,0
staff_patient_id,0
monthly_patient_id,0
patient_id_id,0
patient_patient_id,0
previous_mrn,0
mrn_details,0
mrn,0
staff_mrn,0
user_mrn,0
mrn_data,0
monthly_mrn,0
patient_mrn,0
mrn_info,0
current_mrn,0
new_mrn,0
mrn_id,0
mrn_number,0
mrn_amount,0
mrn_value,0
employee_mrn,0
annual_mrn,0
old_mrn,0
customer_mrn,0
mrn_code,0
previous_medical_record_number,0
medical_record_number,0
medical_record_number_amount,0
new_medical_record_number,0
medical_record_number_data,0
annual_medical_record_number,0
medical_record_number_code,0
medical_record_number_info,0
current_medical_record_number,0
medical_record_number_number,0
medical_record_number_value,0
user_medical_record_number,0
medical_record_number_id,0
staff_medical_record_number,0
monthly_medical_record_number,0
patient_medical_record_number,0
medical_record_number_details,0
customer_medical_record_number,0
old_medical_record_number,0
employee_medical_record_number,0
policy_number_amount,0
customer_policy_number,0
previous_policy_number,0
old_policy_number,0
user_policy_number,0
new_policy_number,0
current_policy_number,0
patient_policy_number,0
policy_number_number,0
staff_policy_number,0
policy_number_code,0
policy_number_info,0
policy_number_details,0
policy_number_value,0
policy_number_data,0
monthly_policy_number,0
policy_number,0
policy_number_id,0
employee_policy_number,0
annual_policy_number,0
monthly_policy_no,0
policy_no_number,0
annual_policy_no,0
policy_no_code,0
staff_policy_no,0
user_policy_no,0
policy_no_info,0
employee_policy_no,0
previous_policy_no,0
policy_no_details,0
patient_policy_no,0
policy_no,0
policy_no_id,0
old_policy_no,0
new_policy_no,0
current_policy_no,0
policy_no_data,0
policy_no_amount,0
customer_policy_no,0
policy_no_value,0
claim_id_info,0
claim_id_code,0
claim_id_details,0
employee_claim_id,0
new_claim_id,0
claim_id_data,0
monthly_claim_id,0
old_claim_id,0
claim_id_number,0
current_claim_id,0
annual_claim_id,0
staff_claim_id,0
claim_id_id,0
previous_claim_id,0
patient_claim_id,0
claim_id,0
claim_id_amount,0
user_claim_id,0
claim_id_value,0
customer_claim_id,0
staff_vehicle_number,0
patient_vehicle_number,0
vehicle_number,0
current_vehicle_number,0
new_vehicle_number,0
customer_vehicle_number,0
vehicle_number_id,0
vehicle_number_number,0
employee_vehicle_number,0
vehicle_number_details,0
old_vehicle_number,0
vehicle_number_value,0
vehicle_number_data,0
vehicle_number_code,0
vehicle_number_info,0
monthly_vehicle_number,0
previous_vehicle_number,0
vehicle_number_amount,0
user_vehicle_number,0
annual_vehicle_number,0
vin,0
user_vin,0
current_vin,0
vin_id,0
vin_number,0
employee_vin,0
vin_details,0
old_vin,0
customer_vin,0
new_vin,0
vin_info,0
vin_code,0
vin_value,0
vin_amount,0
staff_vin,0
previous_vin,0
annual_vin,0
vin_data,0
patient_vin,0
monthly_vin,0
registration_number_info,0
customer_registration_number,0
registration_number_code,0
registration_number_number,0
old_registration_number,0
registration_number_data,0
previous_registration_number,0
registration_number,0
registration_number_id,0
current_registration_number,0
user_registration_number,0
employee_registration_number,0
patient_registration_number,0
new_registration_number,0
monthly_registration_number,0
registration_number_details,0
staff_registration_number,0
annual_registration_number,0
registration_number_amount,0
registration_number_value,0
patient_biometric,0
biometric_amount,0
biometric_info,0
biometric_code,0
current_biometric,0
old_biometric,0
user_biometric,0
customer_biometric,0
new_biometric,0
biometric_id,0
biometric_number,0
biometric_data,0
annual_biometric,0
employee_biometric,0
biometric_details,0
monthly_biometric,0
previous_biometric,0
biometric,0
staff_biometric,0
biometric_value,0
fingerprint_details,0
previous_fingerprint,0
fingerprint_number,0
fingerprint_value,0
current_fingerprint,0
fingerprint_code,0
new_fingerprint,0
fingerprint_info,0
monthly_fingerprint,0
fingerprint,0
fingerprint_id,0
fingerprint_data,0
staff_fingerprint,0
patient_fingerprint,0
old_fingerprint,0
customer_fingerprint,0
user_fingerprint,0
annual_fingerprint,0
employee_fingerprint,0
fingerprint_amount,0
face_id,0
monthly_face_id,0
face_id_details,0
face_id_data,0
current_face_id,0
face_id_code,0
user_face_id,0
face_id_info,0
customer_face_id,0
old_face_id,0
face_id_id,0
patient_face_id,0
staff_face_id,0
new_face_id,0
employee_face_id,0
face_id_value,0
face_id_amount,0
previous_face_id,0
annual_face_id,0
face_id_number,0
iris_number,0
customer_iris,0
staff_iris,0
iris_details,0
iris,0
iris_id,0
iris_code,0
monthly_iris,0
employee_iris,0
current_iris,0
iris_value,0
iris_data,0
previous_iris,0
iris_info,0
patient_iris,0
iris_amount,0
new_iris,0
annual_iris,0
old_iris,0
user_iris,0
monthly_gps_location,0
gps_location_id,0
customer_gps_location,0
gps_location_data,0
employee_gps_location,0
gps_location_amount,0
annual_gps_location,0
previous_gps_location,0
gps_location_code,0
gps_location,0
gps_location_details,0
gps_location_info,0
current_gps_location,0
staff_gps_location,0
new_gps_location,0
user_gps_location,0
patient_gps_location,0
gps_location_number,0
old_gps_location,0
gps_location_value,0
latitude_code,0
customer_latitude,0
patient_latitude,0
monthly_latitude,0
new_latitude,0
latitude_details,0
annual_latitude,0
latitude_id,0
latitude,0
latitude_data,0
latitude_info,0
current_latitude,0
latitude_value,0
old_latitude,0
latitude_number,0
previous_latitude,0
employee_latitude,0
staff_latitude,0
latitude_amount,0
user_latitude,0
longitude_amount,0
longitude_value,0
longitude_code,0
employee_longitude,0
longitude_id,0
longitude_details,0
customer_longitude,0
user_longitude,0
new_longitude,0
previous_longitude,0
monthly_longitude,0
longitude_number,0
annual_longitude,0
longitude,0
staff_longitude,0
patient_longitude,0
longitude_data,0
old_longitude,0
current_longitude,0
longitude_info,0
customer_id_info,0
old_customer_id,0
annual_customer_id,0
customer_id_value,0
customer_customer_id,0
employee_customer_id,0
staff_customer_id,0
customer_id_number,0
customer_id_code,0
monthly_customer_id,0
customer_id_amount,0
user_customer_id,0
previous_customer_id,0
patient_customer_id,0
new_customer_id,0
customer_id,0
customer_id_details,0
current_customer_id,0
customer_id_id,0
customer_id_data,0
employee_client_id,0
monthly_client_id,0
client_id,0
client_id_info,0
client_id_code,0
staff_client_id,0
user_client_id,0
client_id_number,0
client_id_amount,0
client_id_id,0
previous_client_id,0
patient_client_id,0
client_id_details,0
annual_client_id,0
current_client_id,0
customer_client_id,0
old_client_id,0
client_id_data,0
new_client_id,0
client_id_value,0
customer_member_id,0
current_member_id,0
member_id_amount,0
member_id_data,0
previous_member_id,0
employee_member_id,0
annual_member_id,0
member_id_id,0
member_id_code,0
member_id,0
member_id_details,0
member_id_info,0
old_member_id,0
member_id_number,0
new_member_id,0
monthly_member_id,0
member_id_value,0
patient_member_id,0
staff_member_id,0
user_member_id,0
old_nhs_number,0
nhs_number_info,0
nhs_number_amount,0
nhs_number_id,0
previous_nhs_number,0
user_nhs_number,0
patient_nhs_number,0
current_nhs_number,0
nhs_number_value,0
nhs_number_number,0
nhs_number_details,0
staff_nhs_number,0
customer_nhs_number,0
employee_nhs_number,0
nhs_number_data,0
monthly_nhs_number,0
nhs_number,0
annual_nhs_number,0
new_nhs_number,0
nhs_number_code,0
staff_health_id,0
health_id_data,0
monthly_health_id,0
health_id_amount,0
patient_health_id,0
health_id_details,0
health_id_info,0
health_id_value,0
current_health_id,0
health_id_id,0
previous_health_id,0
health_id,0
user_health_id,0
old_health_id,0
new_health_id,0
customer_health_id,0
health_id_number,0
annual_health_id,0
employee_health_id,0
health_id_code,0
eid,0
staff_eid,0
current_eid,0
new_eid,0
employee_eid,0
eid_details,0
previous_eid,0
user_eid,0
eid_data,0
annual_eid,0
eid_id,0
eid_value,0
old_eid,0
eid_info,0
eid_amount,0
monthly_eid,0
eid_number,0
eid_code,0
customer_eid,0
patient_eid,0
staff_age,1
age_code,1
age,1
patient_age,1
annual_age,1
age_id,1
previous_age,1
age_amount,1
old_age,1
monthly_age,1
customer_age,1
age_details,1
age_data,1
new_age,1
employee_age,1
age_info,1
age_value,1
user_age,1
age_number,1
current_age,1
age_group_details,1
age_group_data,1
age_group_number,1
age_group_amount,1
customer_age_group,1
annual_age_group,1
staff_age_group,1
age_group_info,1
age_group_code,1
user_age_group,1
age_group,1
old_age_group,1
age_group_id,1
age_group_value,1
current_age_group,1
monthly_age_group,1
employee_age_group,1
previous_age_group,1
patient_age_group,1
new_age_group,1
age_range_value,1
previous_age_range,1
monthly_age_range,1
staff_age_range,1
old_age_range,1
age_range_number,1
age_range_id,1
age_range_details,1
annual_age_range,1
age_range_code,1
new_age_range,1
employee_age_range,1
user_age_range,1
age_range_amount,1
customer_age_range,1
age_range,1
age_range_info,1
current_age_range,1
patient_age_range,1
age_range_data,1
age_band_code,1
age_band_amount,1
staff_age_band,1
age_band,1
age_band_data,1
patient_age_band,1
employee_age_band,1
current_age_band,1
age_band_details,1
user_age_band,1
old_age_band,1
monthly_age_band,1
age_band_info,1
new_age_band,1
age_band_id,1
age_band_number,1
customer_age_band,1
annual_age_band,1
previous_age_band,1
age_band_value,1
staff_gender,1
gender_id,1
gender_data,1
customer_gender,1
previous_gender,1
gender_value,1
current_gender,1
gender_code,1
monthly_gender,1
gender_details,1
gender_info,1
user_gender,1
gender_amount,1
gender,1
new_gender,1
old_gender,1
employee_gender,1
patient_gender,1
annual_gender,1
gender_number,1
old_sex,1
sex_data,1
customer_sex,1
sex,1
staff_sex,1
sex_id,1
previous_sex,1
patient_sex,1
sex_value,1
annual_sex,1
sex_amount,1
user_sex,1
sex_number,1
monthly_sex,1
new_sex,1
sex_info,1
employee_sex,1
sex_code,1
sex_details,1
current_sex,1
monthly_gender_identity,1
patient_gender_identity,1
current_gender_identity,1
gender_identity_details,1
gender_identity_number,1
staff_gender_identity,1
gender_identity,1
new_gender_identity,1
employee_gender_identity,1
gender_identity_amount,1
previous_gender_identity,1
gender_identity_info,1
gender_identity_value,1
user_gender_identity,1
gender_identity_id,1
gender_identity_data,1
old_gender_identity,1
annual_gender_identity,1
gender_identity_code,1
customer_gender_identity,1
race_value,1
race_id,1
new_race,1
monthly_race,1
race_amount,1
old_race,1
race_details,1
patient_race,1
race_info,1
annual_race,1
staff_race,1
previous_race,1
customer_race,1
employee_race,1
race_data,1
race,1
race_code,1
current_race,1
user_race,1
race_number,1
current_ethnicity,1
customer_ethnicity,1
annual_ethnicity,1
ethnicity_number,1
ethnicity_value,1
monthly_ethnicity,1
ethnicity_data,1
ethnicity_details,1
employee_ethnicity,1
new_ethnicity,1
ethnicity_info,1
ethnicity_code,1
ethnicity_amount,1
ethnicity,1
user_ethnicity,1
staff_ethnicity,1
ethnicity_id,1
patient_ethnicity,1
old_ethnicity,1
previous_ethnicity,1
ethnic_group_data,1
new_ethnic_group,1
current_ethnic_group,1
previous_ethnic_group,1
ethnic_group_amount,1
customer_ethnic_group,1
employee_ethnic_group,1
ethnic_group,1
ethnic_group_details,1
staff_ethnic_group,1
ethnic_group_value,1
ethnic_group_code,1
ethnic_group_info,1
monthly_ethnic_group,1
user_ethnic_group,1
annual_ethnic_group,1
ethnic_group_number,1
old_ethnic_group,1
patient_ethnic_group,1
ethnic_group_id,1
nationality_amount,1
nationality_code,1
patient_nationality,1
current_nationality,1
staff_nationality,1
monthly_nationality,1
nationality_details,1
nationality_number,1
nationality_info,1
previous_nationality,1
old_nationality,1
employee_nationality,1
annual_nationality,1
nationality_value,1
customer_nationality,1
nationality,1
nationality_data,1
new_nationality,1
user_nationality,1
nationality_id,1
annual_zip,1
customer_zip,1
zip_value,1
zip_data,1
zip,1
previous_zip,1
old_zip,1
current_zip,1
employee_zip,1
user_zip,1
zip_info,1
zip_details,1
zip_id,1
monthly_zip,1
new_zip,1
patient_zip,1
zip_number,1
staff_zip,1
zip_code,1
zip_amount,1
employee_zip_code,1
previous_zip_code,1
patient_zip_code,1
zip_code_info,1
zip_code_number,1
zip_code_amount,1
new_zip_code,1
user_zip_code,1
zip_code_id,1
zip_code_data,1
current_zip_code,1
annual_zip_code,1
old_zip_code,1
zip_code_code,1
zip_code_value,1
customer_zip_code,1
monthly_zip_code,1
zip_code_details,1
zip_code,1
staff_zip_code,1
zipcode,1
zipcode_number,1
current_zipcode,1
zipcode_amount,1
zipcode_value,1
zipcode_code,1
zipcode_details,1
staff_zipcode,1
customer_zipcode,1
user_zipcode,1
previous_zipcode,1
zipcode_id,1
zipcode_info,1
new_zipcode,1
annual_zipcode,1
zipcode_data,1
employee_zipcode,1
patient_zipcode,1
old_zipcode,1
monthly_zipcode,1
postal_code_amount,1
new_postal_code,1
customer_postal_code,1
postal_code_info,1
postal_code_value,1
user_postal_code,1
patient_postal_code,1
previous_postal_code,1
annual_postal_code,1
postal_code,1
staff_postal_code,1
old_postal_code,1
postal_code_id,1
current_postal_code,1
employee_postal_code,1
postal_code_number,1
postal_code_data,1
monthly_postal_code,1
postal_code_code,1
postal_code_details,1
old_postcode,1
user_postcode,1
postcode_amount,1
annual_postcode,1
postcode_data,1
patient_postcode,1
monthly_postcode,1
postcode,1
current_postcode,1
staff_postcode,1
postcode_code,1
postcode_number,1
customer_postcode,1
employee_postcode,1
postcode_id,1
previous_postcode,1
postcode_info,1
new_postcode,1
postcode_details,1
postcode_value,1
staff_pin_code,1
previous_pin_code,1
patient_pin_code,1
employee_pin_code,1
current_pin_code,1
old_pin_code,1
pin_code_data,1
pin_code_amount,1
pin_code,1
customer_pin_code,1
pin_code_info,1
pin_code_number,1
pin_code_details,1
pin_code_id,1
pin_code_value,1
new_pin_code,1
user_pin_code,1
pin_code_code,1
annual_pin_code,1
monthly_pin_code,1
annual_city,1
city,1
city_number,1
monthly_city,1
patient_city,1
city_details,1
new_city,1
city_data,1
city_id,1
staff_city,1
employee_city,1
city_amount,1
customer_city,1
city_info,1
city_value,1
old_city,1
user_city,1
city_code,1
previous_city,1
current_city,1
town_data,1
new_town,1
previous_town,1
town_id,1
customer_town,1
current_town,1
annual_town,1
town,1
old_town,1
monthly_town,1
town_details,1
town_info,1
patient_town,1
town_value,1
town_number,1
employee_town,1
town_code,1
staff_town,1
user_town,1
town_amount,1
municipality_code,1
municipality_details,1
municipality_number,1
new_municipality,1
previous_municipality,1
patient_municipality,1
municipality_info,1
current_municipality,1
staff_municipality,1
annual_municipality,1
employee_municipality,1
user_municipality,1
old_municipality,1
customer_municipality,1
municipality_data,1
municipality,1
monthly_municipality,1
municipality_amount,1
municipality_value,1
municipality_id,1
state_id,1
monthly_state,1
previous_state,1
new_state,1
patient_state,1
state_value,1
employee_state,1
state_data,1
current_state,1
old_state,1
state,1
state_number,1
customer_state,1
state_details,1
annual_state,1
staff_state,1
state_code,1
state_info,1
state_amount,1
user_state,1
new_province,1
patient_province,1
staff_province,1
previous_province,1
province_amount,1
province_id,1
province_data,1
monthly_province,1
province_code,1
province_value,1
province_info,1
province,1
province_number,1
annual_province,1
employee_province,1
old_province,1
customer_province,1
province_details,1
current_province,1
user_province,1
region_value,1
previous_region,1
region_details,1
current_region,1
staff_region,1
monthly_region,1
region_info,1
region_amount,1
region_code,1
employee_region,1
patient_region,1
annual_region,1
new_region,1
region_number,1
old_region,1
region_id,1
region,1
customer_region,1
user_region,1
region_data,1
district,1
district_details,1
previous_district,1
staff_district,1
current_district,1
district_data,1
employee_district,1
patient_district,1
customer_district,1
old_district,1
district_code,1
annual_district,1
district_number,1
monthly_district,1
user_district,1
district_value,1
district_info,1
new_district,1
district_amount,1
district_id,1
country_amount,1
country_details,1
user_country,1
current_country,1
monthly_country,1
country,1
country_id,1
country_number,1
staff_country,1
annual_country,1
previous_country,1
country_value,1
patient_country,1
employee_country,1
country_code,1
old_country,1
new_country,1
country_data,1
country_info,1
customer_country,1
nation_info,1
employee_nation,1
nation_code,1
nation_amount,1
previous_nation,1
customer_nation,1
annual_nation,1
new_nation,1
staff_nation,1
old_nation,1
nation_id,1
nation,1
nation_number,1
current_nation,1
user_nation,1
nation_details,1
monthly_nation,1
nation_value,1
nation_data,1
patient_nation,1
monthly_marital_status,1
marital_status_amount,1
marital_status_value,1
marital_status_number,1
patient_marital_status,1
old_marital_status,1
user_marital_status,1
marital_status_info,1
current_marital_status,1
employee_marital_status,1
marital_status_id,1
marital_status,1
staff_marital_status,1
marital_status_code,1
marital_status_data,1
previous_marital_status,1
customer_marital_status,1
new_marital_status,1
annual_marital_status,1
marital_status_details,1
old_marital,1
marital_details,1
marital_info,1
staff_marital,1
marital_id,1
annual_marital,1
customer_marital,1
monthly_marital,1
marital,1
current_marital,1
new_marital,1
patient_marital,1
marital_code,1
previous_marital,1
marital_amount,1
user_marital,1
marital_value,1
employee_marital,1
marital_data,1
marital_number,1
user_married,1
staff_married,1
married,1
customer_married,1
married_amount,1
new_married,1
married_value,1
monthly_married,1
married_data,1
old_married,1
annual_married,1
employee_married,1
married_number,1
married_code,1
current_married,1
married_info,1
patient_married,1
married_details,1
previous_married,1
married_id,1
current_education,1
employee_education,1
education_value,1
education_code,1
education_amount,1
education,1
education_data,1
education_number,1
user_education,1
annual_education,1
customer_education,1
previous_education,1
monthly_education,1
education_info,1
education_id,1
patient_education,1
new_education,1
old_education,1
education_details,1
staff_education,1
education_level_data,1
education_level_info,1
education_level_number,1
education_level,1
education_level_value,1
education_level_amount,1
old_education_level,1
user_education_level,1
customer_education_level,1
new_education_level,1
monthly_education_level,1
annual_education_level,1
education_level_id,1
education_level_code,1
patient_education_level,1
education_level_details,1
employee_education_level,1
current_education_level,1
staff_education_level,1
previous_education_level,1
patient_degree,1
customer_degree,1
old_degree,1
user_degree,1
staff_degree,1
previous_degree,1
degree,1
degree_value,1
monthly_degree,1
employee_degree,1
new_degree,1
degree_info,1
degree_amount,1
degree_code,1
current_degree,1
degree_details,1
degree_number,1
annual_degree,1
degree_data,1
degree_id,1
user_qualification,1
qualification_data,1
current_qualification,1
qualification_amount,1
customer_qualification,1
employee_qualification,1
patient_qualification,1
qualification_details,1
qualification,1
annual_qualification,1
qualification_code,1
qualification_value,1
monthly_qualification,1
old_qualification,1
qualification_info,1
staff_qualification,1
qualification_id,1
new_qualification,1
qualification_number,1
previous_qualification,1
old_highest_qualification,1
employee_highest_qualification,1
patient_highest_qualification,1
highest_qualification_value,1
customer_highest_qualification,1
highest_qualification_amount,1
annual_highest_qualification,1
highest_qualification_code,1
highest_qualification_info,1
monthly_highest_qualification,1
staff_highest_qualification,1
highest_qualification,1
highest_qualification_id,1
current_highest_qualification,1
previous_highest_qualification,1
highest_qualification_details,1
highest_qualification_data,1
highest_qualification_number,1
user_highest_qualification,1
new_highest_qualification,1
occupation_id,1
customer_occupation,1
occupation_code,1
occupation_data,1
occupation_details,1
previous_occupation,1
new_occupation,1
old_occupation,1
patient_occupation,1
employee_occupation,1
annual_occupation,1
occupation_info,1
monthly_occupation,1
user_occupation,1
staff_occupation,1
occupation_value,1
occupation_number,1
occupation,1
occupation_amount,1
current_occupation,1
monthly_job_title,1
old_job_title,1
new_job_title,1
staff_job_title,1
customer_job_title,1
job_title_value,1
job_title_id,1
job_title,1
previous_job_title,1
job_title_number,1
job_title_code,1
annual_job_title,1
current_job_title,1
patient_job_title,1
job_title_amount,1
user_job_title,1
job_title_details,1
employee_job_title,1
job_title_data,1
job_title_info,1
old_profession,1
previous_profession,1
profession_code,1
staff_profession,1
profession,1
monthly_profession,1
profession_info,1
profession_id,1
new_profession,1
profession_value,1
patient_profession,1
profession_amount,1
customer_profession,1
user_profession,1
profession_details,1
annual_profession,1
employee_profession,1
profession_data,1
current_profession,1
profession_number,1
current_employment_status,1
user_employment_status,1
employee_employment_status,1
previous_employment_status,1
employment_status_number,1
employment_status_info,1
employment_status_value,1
monthly_employment_status,1
employment_status,1
employment_status_amount,1
annual_employment_status,1
staff_employment_status,1
customer_employment_status,1
old_employment_status,1
employment_status_details,1
new_employment_status,1
employment_status_id,1
employment_status_code,1
employment_status_data,1
patient_employment_status,1
employee_work_status,1
monthly_work_status,1
user_work_status,1
work_status_data,1
work_status_value,1
annual_work_status,1
staff_work_status,1
new_work_status,1
work_status_details,1
customer_work_status,1
work_status_code,1
work_status_amount,1
previous_work_status,1
old_work_status,1
current_work_status,1
work_status_number,1
work_status,1
work_status_id,1
patient_work_status,1
work_status_info,1
industry_number,1
old_industry,1
monthly_industry,1
previous_industry,1
industry_value,1
annual_industry,1
industry_data,1
staff_industry,1
patient_industry,1
industry_details,1
new_industry,1
industry_id,1
industry_code,1
industry_info,1
current_industry,1
user_industry,1
industry_amount,1
employee_industry,1
industry,1
customer_industry,1
new_sector,1
sector_details,1
previous_sector,1
patient_sector,1
old_sector,1
sector_number,1
user_sector,1
sector_code,1
sector_value,1
annual_sector,1
sector_data,1
sector,1
monthly_sector,1
employee_sector,1
sector_amount,1
current_sector,1
sector_id,1
customer_sector,1
sector_info,1
staff_sector,1
birth_year_code,1
previous_birth_year,1
birth_year,1
current_birth_year,1
birth_year_id,1
customer_birth_year,1
birth_year_number,1
annual_birth_year,1
new_birth_year,1
patient_birth_year,1
birth_year_details,1
old_birth_year,1
user_birth_year,1
birth_year_value,1
birth_year_info,1
staff_birth_year,1
employee_birth_year,1
birth_year_amount,1
monthly_birth_year,1
birth_year_data,1
customer_year_of_birth,1
year_of_birth_amount,1
old_year_of_birth,1
monthly_year_of_birth,1
year_of_birth_number,1
new_year_of_birth,1
year_of_birth_value,1
user_year_of_birth,1
year_of_birth_code,1
annual_year_of_birth,1
current_year_of_birth,1
previous_year_of_birth,1
year_of_birth_data,1
year_of_birth_id,1
employee_year_of_birth,1
year_of_birth,1
staff_year_of_birth,1
year_of_birth_info,1
year_of_birth_details,1
patient_year_of_birth,1
employee_birth_month,1
old_birth_month,1
birth_month_value,1
patient_birth_month,1
new_birth_month,1
birth_month_info,1
birth_month,1
birth_month_code,1
user_birth_month,1
birth_month_number,1
customer_birth_month,1
birth_month_data,1
birth_month_id,1
previous_birth_month,1
birth_month_amount,1
current_birth_month,1
annual_birth_month,1
birth_month_details,1
staff_birth_month,1
monthly_birth_month,1
household_size_number,1
customer_household_size,1
monthly_household_size,1
household_size_data,1
user_household_size,1
old_household_size,1
household_size_info,1
annual_household_size,1
household_size_id,1
household_size_details,1
household_size_amount,1
staff_household_size,1
patient_household_size,1
household_size_code,1
previous_household_size,1
household_size_value,1
household_size,1
employee_household_size,1
new_household_size,1
current_household_size,1
employee_family_size,1
family_size_info,1
customer_family_size,1
family_size_code,1
family_size_value,1
family_size_amount,1
family_size_id,1
family_size_number,1
family_size_data,1
family_size,1
family_size_details,1
patient_family_size,1
monthly_family_size,1
user_family_size,1
annual_family_size,1
old_family_size,1
current_family_size,1
previous_family_size,1
staff_family_size,1
new_family_size,1
current_num_children,1
customer_num_children,1
previous_num_children,1
num_children_number,1
num_children_data,1
num_children_details,1
num_children_id,1
num_children_code,1
monthly_num_children,1
new_num_children,1
patient_num_children,1
num_children_info,1
user_num_children,1
num_children_amount,1
employee_num_children,1
staff_num_children,1
num_children_value,1
num_children,1
annual_num_children,1
old_num_children,1
number_of_dependents_code,1
annual_number_of_dependents,1
new_number_of_dependents,1
number_of_dependents_data,1
current_number_of_dependents,1
number_of_dependents_value,1
number_of_dependents,1
user_number_of_dependents,1
old_number_of_dependents,1
monthly_number_of_dependents,1
number_of_dependents_number,1
number_of_dependents_amount,1
customer_number_of_dependents,1
patient_number_of_dependents,1
staff_number_of_dependents,1
previous_number_of_dependents,1
employee_number_of_dependents,1
number_of_dependents_details,1
number_of_dependents_info,1
number_of_dependents_id,1
dependents_number,1
annual_dependents,1
dependents_code,1
user_dependents,1
dependents_id,1
customer_dependents,1
dependents_details,1
dependents_value,1
current_dependents,1
monthly_dependents,1
patient_dependents,1
previous_dependents,1
dependents_data,1
dependents_info,1
employee_dependents,1
old_dependents,1
dependents_amount,1
dependents,1
staff_dependents,1
new_dependents,1
religion_info,1
religion,1
current_religion,1
staff_religion,1
religion_number,1
previous_religion,1
old_religion,1
religion_amount,1
religion_details,1
patient_religion,1
new_religion,1
annual_religion,1
religion_code,1
customer_religion,1
user_religion,1
religion_value,1
religion_data,1
employee_religion,1
religion_id,1
monthly_religion,1
staff_caste,1
customer_caste,1
new_caste,1
caste_info,1
user_caste,1
caste_data,1
patient_caste,1
previous_caste,1
caste_number,1
caste,1
caste_amount,1
monthly_caste,1
annual_caste,1
caste_id,1
caste_details,1
current_caste,1
caste_code,1
employee_caste,1
caste_value,1
old_caste,1
tribe_number,1
patient_tribe,1
user_tribe,1
old_tribe,1
annual_tribe,1
employee_tribe,1
tribe_id,1
current_tribe,1
previous_tribe,1
tribe,1
tribe_code,1
customer_tribe,1
staff_tribe,1
tribe_value,1
new_tribe,1
monthly_tribe,1
tribe_details,1
tribe_info,1
tribe_amount,1
tribe_data,1
monthly_language,1
employee_language,1
user_language,1
previous_language,1
language,1
language_code,1
current_language,1
language_details,1
language_amount,1
annual_language,1
language_number,1
language_id,1
customer_language,1
patient_language,1
staff_language,1
new_language,1
language_info,1
language_value,1
language_data,1
old_language,1
mother_tongue_data,1
previous_mother_tongue,1
user_mother_tongue,1
old_mother_tongue,1
employee_mother_tongue,1
mother_tongue_value,1
mother_tongue_info,1
mother_tongue_details,1
annual_mother_tongue,1
customer_mother_tongue,1
mother_tongue_code,1
patient_mother_tongue,1
monthly_mother_tongue,1
mother_tongue_number,1
mother_tongue_id,1
mother_tongue_amount,1
current_mother_tongue,1
new_mother_tongue,1
staff_mother_tongue,1
mother_tongue,1
native_language_code,1
annual_native_language,1
native_language_amount,1
native_language_info,1
native_language_number,1
patient_native_language,1
staff_native_language,1
native_language_details,1
new_native_language,1
customer_native_language,1
old_native_language,1
monthly_native_language,1
native_language_data,1
native_language,1
previous_native_language,1
native_language_value,1
native_language_id,1
employee_native_language,1
current_native_language,1
user_native_language,1
citizenship,1
citizenship_id,1
citizenship_code,1
staff_citizenship,1
old_citizenship,1
employee_citizenship,1
annual_citizenship,1
citizenship_info,1
citizenship_value,1
user_citizenship,1
citizenship_number,1
citizenship_details,1
current_citizenship,1
monthly_citizenship,1
patient_citizenship,1
previous_citizenship,1
citizenship_amount,1
citizenship_data,1
new_citizenship,1
customer_citizenship,1
previous_residence_status,1
customer_residence_status,1
user_residence_status,1
employee_residence_status,1
staff_residence_status,1
patient_residence_status,1
current_residence_status,1
residence_status,1
new_residence_status,1
residence_status_number,1
monthly_residence_status,1
residence_status_value,1
old_residence_status,1
annual_residence_status,1
residence_status_amount,1
residence_status_id,1
residence_status_details,1
residence_status_info,1
residence_status_code,1
residence_status_data,1
visa_type,1
old_visa_type,1
visa_type_info,1
visa_type_number,1
patient_visa_type,1
visa_type_data,1
visa_type_amount,1
annual_visa_type,1
previous_visa_type,1
staff_visa_type,1
visa_type_code,1
customer_visa_type,1
new_visa_type,1
visa_type_details,1
user_visa_type,1
visa_type_id,1
visa_type_value,1
monthly_visa_type,1
employee_visa_type,1
current_visa_type,1
weight_amount,1
weight_id,1
old_weight,1
staff_weight,1
new_weight,1
previous_weight,1
current_weight,1
user_weight,1
monthly_weight,1
weight_data,1
patient_weight,1
weight_value,1
weight_code,1
weight_details,1
employee_weight,1
annual_weight,1
weight,1
weight_info,1
weight_number,1
customer_weight,1
height_details,1
user_height,1
new_height,1
height_id,1
annual_height,1
monthly_height,1
height_amount,1
staff_height,1
current_height,1
patient_height,1
height_value,1
height_number,1
height_info,1
old_height,1
customer_height,1
employee_height,1
height_data,1
previous_height,1
height_code,1
height,1
new_bmi,1
patient_bmi,1
staff_bmi,1
previous_bmi,1
bmi_amount,1
bmi_id,1
bmi,1
customer_bmi,1
bmi_value,1
bmi_data,1
employee_bmi,1
bmi_details,1
old_bmi,1
bmi_code,1
user_bmi,1
bmi_number,1
monthly_bmi,1
bmi_info,1
annual_bmi,1
current_bmi,1
body_mass_index_info,1
user_body_mass_index,1
previous_body_mass_index,1
new_body_mass_index,1
body_mass_index_id,1
patient_body_mass_index,1
body_mass_index_number,1
annual_body_mass_index,1
body_mass_index_data,1
body_mass_index_amount,1
old_body_mass_index,1
current_body_mass_index,1
staff_body_mass_index,1
employee_body_mass_index,1
monthly_body_mass_index,1
body_mass_index,1
customer_body_mass_index,1
body_mass_index_details,1
body_mass_index_code,1
body_mass_index_value,1
blood_type_details,1
current_blood_type,1
blood_type_code,1
blood_type,1
monthly_blood_type,1
blood_type_id,1
old_blood_type,1
staff_blood_type,1
blood_type_info,1
blood_type_number,1
blood_type_data,1
employee_blood_type,1
annual_blood_type,1
blood_type_amount,1
patient_blood_type,1
user_blood_type,1
blood_type_value,1
customer_blood_type,1
previous_blood_type,1
new_blood_type,1
old_blood_group,1
blood_group_number,1
blood_group_id,1
blood_group_info,1
employee_blood_group,1
current_blood_group,1
customer_blood_group,1
blood_group_amount,1
new_blood_group,1
blood_group_value,1
blood_group_code,1
annual_blood_group,1
previous_blood_group,1
user_blood_group,1
blood_group,1
blood_group_details,1
patient_blood_group,1
monthly_blood_group,1
blood_group_data,1
staff_blood_group,1
annual_disability_status,1
disability_status_value,1
previous_disability_status,1
old_disability_status,1
disability_status_number,1
staff_disability_status,1
disability_status_amount,1
employee_disability_status,1
disability_status_data,1
disability_status_id,1
current_disability_status,1
new_disability_status,1
patient_disability_status,1
disability_status,1
disability_status_info,1
user_disability_status,1
customer_disability_status,1
monthly_disability_status,1
disability_status_details,1
disability_status_code,1
user_handicap,1
handicap_id,1
handicap,1
previous_handicap,1
patient_handicap,1
new_handicap,1
handicap_amount,1
customer_handicap,1
handicap_code,1
handicap_details,1
handicap_number,1
monthly_handicap,1
handicap_info,1
staff_handicap,1
annual_handicap,1
employee_handicap,1
old_handicap,1
handicap_data,1
handicap_value,1
current_handicap,1
veteran_status,1
new_veteran_status,1
customer_veteran_status,1
old_veteran_status,1
annual_veteran_status,1
veteran_status_id,1
veteran_status_data,1
staff_veteran_status,1
veteran_status_amount,1
veteran_status_code,1
veteran_status_details,1
previous_veteran_status,1
user_veteran_status,1
veteran_status_value,1
employee_veteran_status,1
patient_veteran_status,1
monthly_veteran_status,1
veteran_status_number,1
current_veteran_status,1
veteran_status_info,1
military_status_details,1
current_military_status,1
military_status_data,1
customer_military_status,1
patient_military_status,1
new_military_status,1
user_military_status,1
previous_military_status,1
old_military_status,1
military_status_info,1
military_status,1
military_status_value,1
military_status_number,1
monthly_military_status,1
military_status_amount,1
military_status_code,1
military_status_id,1
staff_military_status,1
annual_military_status,1
employee_military_status,1
housing_type_value,1
housing_type_number,1
housing_type_code,1
current_housing_type,1
customer_housing_type,1
housing_type_info,1
housing_type_id,1
monthly_housing_type,1
previous_housing_type,1
annual_housing_type,1
staff_housing_type,1
housing_type,1
patient_housing_type,1
employee_housing_type,1
housing_type_amount,1
housing_type_details,1
user_housing_type,1
housing_type_data,1
old_housing_type,1
new_housing_type,1
residence_type_id,1
residence_type,1
residence_type_data,1
old_residence_type,1
customer_residence_type,1
residence_type_code,1
employee_residence_type,1
patient_residence_type,1
residence_type_value,1
annual_residence_type,1
residence_type_details,1
staff_residence_type,1
residence_type_info,1
residence_type_amount,1
new_residence_type,1
residence_type_number,1
monthly_residence_type,1
user_residence_type,1
current_residence_type,1
previous_residence_type,1
user_dwelling,1
new_dwelling,1
previous_dwelling,1
dwelling_value,1
dwelling_number,1
current_dwelling,1
patient_dwelling,1
employee_dwelling,1
dwelling_details,1
dwelling_data,1
dwelling_code,1
old_dwelling,1
annual_dwelling,1
dwelling_info,1
dwelling,1
staff_dwelling,1
monthly_dwelling,1
dwelling_amount,1
customer_dwelling,1
dwelling_id,1
monthly_area_code,1
area_code_id,1
area_code_number,1
user_area_code,1
staff_area_code,1
new_area_code,1
customer_area_code,1
patient_area_code,1
area_code_value,1
annual_area_code,1
old_area_code,1
area_code_code,1
area_code_amount,1
area_code_info,1
employee_area_code,1
area_code_data,1
previous_area_code,1
area_code,1
area_code_details,1
current_area_code,1
county_info,1
county_data,1
annual_county,1
county_value,1
employee_county,1
county_details,1
user_county,1
staff_county,1
county_number,1
customer_county,1
patient_county,1
monthly_county,1
new_county,1
current_county,1
county_code,1
county_id,1
old_county,1
previous_county,1
county_amount,1
county,1
borough_number,1
annual_borough,1
borough_details,1
current_borough,1
patient_borough,1
borough_info,1
borough_data,1
borough_value,1
old_borough,1
staff_borough,1
customer_borough,1
previous_borough,1
borough_code,1
monthly_borough,1
borough,1
employee_borough,1
borough_id,1
user_borough,1
new_borough,1
borough_amount,1
monthly_income_bracket,1
old_income_bracket,1
income_bracket,1
income_bracket_info,1
employee_income_bracket,1
income_bracket_value,1
patient_income_bracket,1
current_income_bracket,1
staff_income_bracket,1
income_bracket_amount,1
annual_income_bracket,1
user_income_bracket,1
income_bracket_details,1
income_bracket_number,1
income_bracket_data,1
income_bracket_id,1
previous_income_bracket,1
income_bracket_code,1
customer_income_bracket,1
new_income_bracket,1
income_range_id,1
new_income_range,1
old_income_range,1
income_range_value,1
employee_income_range,1
income_range_amount,1
income_range_number,1
income_range_data,1
annual_income_range,1
current_income_range,1
income_range_details,1
customer_income_range,1
income_range_info,1
previous_income_range,1
patient_income_range,1
income_range_code,1
staff_income_range,1
monthly_income_range,1
user_income_range,1
income_range,1
patient_salary_band,1
salary_band_id,1
salary_band_value,1
customer_salary_band,1
new_salary_band,1
staff_salary_band,1
salary_band_details,1
previous_salary_band,1
employee_salary_band,1
current_salary_band,1
annual_salary_band,1
salary_band_code,1
user_salary_band,1
old_salary_band,1
salary_band_info,1
salary_band_data,1
salary_band_number,1
salary_band,1
monthly_salary_band,1
salary_band_amount,1
socioeconomic_status_value,1
annual_socioeconomic_status,1
user_socioeconomic_status,1
socioeconomic_status,1
socioeconomic_status_number,1
socioeconomic_status_amount,1
socioeconomic_status_data,1
new_socioeconomic_status,1
socioeconomic_status_id,1
previous_socioeconomic_status,1
customer_socioeconomic_status,1
staff_socioeconomic_status,1
socioeconomic_status_details,1
employee_socioeconomic_status,1
old_socioeconomic_status,1
current_socioeconomic_status,1
socioeconomic_status_info,1
patient_socioeconomic_status,1
monthly_socioeconomic_status,1
socioeconomic_status_code,1
ses_info,1
user_ses,1
new_ses,1
employee_ses,1
ses_details,1
ses_data,1
customer_ses,1
ses_number,1
staff_ses,1
ses_amount,1
ses_id,1
previous_ses,1
monthly_ses,1
current_ses,1
ses_value,1
old_ses,1
patient_ses,1
ses,1
ses_code,1
annual_ses,1
work_experience_info,1
previous_work_experience,1
work_experience_data,1
work_experience_number,1
monthly_work_experience,1
new_work_experience,1
current_work_experience,1
work_experience_value,1
work_experience_id,1
annual_work_experience,1
patient_work_experience,1
employee_work_experience,1
work_experience_amount,1
staff_work_experience,1
user_work_experience,1
customer_work_experience,1
work_experience,1
work_experience_details,1
old_work_experience,1
work_experience_code,1
years_of_experience,1
years_of_experience_amount,1
employee_years_of_experience,1
user_years_of_experience,1
customer_years_of_experience,1
annual_years_of_experience,1
years_of_experience_value,1
current_years_of_experience,1
new_years_of_experience,1
years_of_experience_data,1
years_of_experience_details,1
previous_years_of_experience,1
years_of_experience_info,1
staff_years_of_experience,1
years_of_experience_number,1
years_of_experience_id,1
monthly_years_of_experience,1
patient_years_of_experience,1
old_years_of_experience,1
years_of_experience_code,1
old_salary,2
monthly_salary,2
salary_id,2
customer_salary,2
patient_salary,2
staff_salary,2
previous_salary,2
salary_details,2
salary_info,2
salary_code,2
user_salary,2
salary_value,2
annual_salary,2
salary_number,2
current_salary,2
salary_data,2
new_salary,2
salary_amount,2
employee_salary,2
salary,2
employee_income,2
income_info,2
previous_income,2
old_income,2
current_income,2
patient_income,2
user_income,2
monthly_income,2
annual_income,2
income_number,2
income_code,2
income_details,2
income,2
income_id,2
customer_income,2
income_value,2
new_income,2
income_data,2
staff_income,2
income_amount,2
annual_income_info,2
user_annual_income,2
employee_annual_income,2
customer_annual_income,2
annual_annual_income,2
current_annual_income,2
old_annual_income,2
new_annual_income,2
annual_income_data,2
monthly_annual_income,2
annual_income,2
annual_income_id,2
staff_annual_income,2
patient_annual_income,2
annual_income_number,2
annual_income_value,2
annual_income_details,2
previous_annual_income,2
annual_income_amount,2
annual_income_code,2
monthly_income_details,2
current_monthly_income,2
old_monthly_income,2
patient_monthly_income,2
new_monthly_income,2
monthly_income_value,2
monthly_income_info,2
monthly_income_amount,2
annual_monthly_income,2
employee_monthly_income,2
monthly_income_data,2
user_monthly_income,2
monthly_income_number,2
monthly_income,2
customer_monthly_income,2
monthly_income_id,2
previous_monthly_income,2
monthly_monthly_income,2
staff_monthly_income,2
monthly_income_code,2
wage_data,2
wage_code,2
monthly_wage,2
wage_id,2
wage_amount,2
wage_info,2
annual_wage,2
wage_details,2
employee_wage,2
customer_wage,2
staff_wage,2
wage_number,2
wage,2
current_wage,2
new_wage,2
old_wage,2
wage_value,2
user_wage,2
patient_wage,2
previous_wage,2
old_hourly_rate,2
previous_hourly_rate,2
hourly_rate_number,2
hourly_rate_data,2
monthly_hourly_rate,2
patient_hourly_rate,2
new_hourly_rate,2
hourly_rate_details,2
hourly_rate_info,2
customer_hourly_rate,2
employee_hourly_rate,2
annual_hourly_rate,2
hourly_rate_amount,2
hourly_rate_id,2
hourly_rate_value,2
user_hourly_rate,2
staff_hourly_rate,2
hourly_rate_code,2
hourly_rate,2
current_hourly_rate,2
staff_earnings,2
monthly_earnings,2
current_earnings,2
employee_earnings,2
old_earnings,2
earnings_data,2
annual_earnings,2
earnings_code,2
earnings_value,2
new_earnings,2
earnings,2
user_earnings,2
earnings_id,2
earnings_amount,2
previous_earnings,2
earnings_details,2
customer_earnings,2
patient_earnings,2
earnings_number,2
earnings_info,2
net_salary_value,2
net_salary_id,2
net_salary_details,2
net_salary_data,2
annual_net_salary,2
new_net_salary,2
old_net_salary,2
staff_net_salary,2
net_salary_amount,2
previous_net_salary,2
employee_net_salary,2
customer_net_salary,2
patient_net_salary,2
net_salary,2
net_salary_code,2
net_salary_number,2
net_salary_info,2
user_net_salary,2
monthly_net_salary,2
current_net_salary,2
new_gross_salary,2
patient_gross_salary,2
old_gross_salary,2
gross_salary_id,2
gross_salary_value,2
customer_gross_salary,2
previous_gross_salary,2
current_gross_salary,2
gross_salary_amount,2
gross_salary_data,2
staff_gross_salary,2
gross_salary_info,2
gross_salary_number,2
employee_gross_salary,2
gross_salary_code,2
gross_salary_details,2
user_gross_salary,2
annual_gross_salary,2
gross_salary,2
monthly_gross_salary,2
annual_take_home,2
staff_take_home,2
take_home_number,2
current_take_home,2
previous_take_home,2
take_home_details,2
take_home_code,2
new_take_home,2
take_home_info,2
take_home_amount,2
patient_take_home,2
customer_take_home,2
take_home_data,2
user_take_home,2
take_home_id,2
take_home,2
employee_take_home,2
monthly_take_home,2
old_take_home,2
take_home_value,2
employee_compensation,2
compensation_amount,2
compensation_data,2
annual_compensation,2
previous_compensation,2
compensation_details,2
user_compensation,2
compensation_code,2
compensation_info,2
new_compensation,2
compensation_value,2
staff_compensation,2
compensation_number,2
monthly_compensation,2
current_compensation,2
compensation,2
customer_compensation,2
old_compensation,2
patient_compensation,2
compensation_id,2
monthly_bonus,2
customer_bonus,2
current_bonus,2
bonus,2
bonus_details,2
old_bonus,2
employee_bonus,2
bonus_number,2
bonus_data,2
bonus_info,2
user_bonus,2
patient_bonus,2
new_bonus,2
staff_bonus,2
bonus_code,2
bonus_id,2
bonus_amount,2
bonus_value,2
previous_bonus,2
annual_bonus,2
customer_commission,2
employee_commission,2
previous_commission,2
commission_value,2
user_commission,2
commission,2
commission_data,2
commission_info,2
monthly_commission,2
patient_commission,2
current_commission,2
staff_commission,2
new_commission,2
commission_id,2
commission_amount,2
commission_code,2
commission_details,2
annual_commission,2
old_commission,2
commission_number,2
annual_overtime,2
current_overtime,2
monthly_overtime,2
overtime_number,2
patient_overtime,2
overtime_id,2
user_overtime,2
overtime_info,2
overtime_code,2
overtime_amount,2
new_overtime,2
staff_overtime,2
customer_overtime,2
overtime_data,2
employee_overtime,2
overtime_details,2
previous_overtime,2
old_overtime,2
overtime_value,2
overtime,2
monthly_credit_score,2
credit_score_id,2
credit_score_code,2
credit_score_amount,2
user_credit_score,2
new_credit_score,2
customer_credit_score,2
credit_score_details,2
annual_credit_score,2
previous_credit_score,2
employee_credit_score,2
credit_score_number,2
credit_score_value,2
current_credit_score,2
old_credit_score,2
credit_score_info,2
patient_credit_score,2
staff_credit_score,2
credit_score_data,2
credit_score,2
old_cibil_score,2
cibil_score_data,2
cibil_score_value,2
user_cibil_score,2
new_cibil_score,2
monthly_cibil_score,2
annual_cibil_score,2
cibil_score,2
cibil_score_amount,2
staff_cibil_score,2
cibil_score_details,2
patient_cibil_score,2
previous_cibil_score,2
customer_cibil_score,2
employee_cibil_score,2
cibil_score_code,2
cibil_score_id,2
current_cibil_score,2
cibil_score_info,2
cibil_score_number,2
current_fico_score,2
previous_fico_score,2
fico_score_details,2
old_fico_score,2
fico_score_info,2
monthly_fico_score,2
staff_fico_score,2
fico_score_id,2
fico_score_code,2
fico_score_data,2
fico_score_number,2
patient_fico_score,2
customer_fico_score,2
new_fico_score,2
employee_fico_score,2
fico_score_value,2
fico_score_amount,2
fico_score,2
annual_fico_score,2
user_fico_score,2
staff_credit_rating,2
credit_rating_amount,2
credit_rating_value,2
credit_rating,2
annual_credit_rating,2
credit_rating_info,2
credit_rating_number,2
user_credit_rating,2
credit_rating_details,2
patient_credit_rating,2
credit_rating_id,2
previous_credit_rating,2
credit_rating_code,2
credit_rating_data,2
customer_credit_rating,2
employee_credit_rating,2
current_credit_rating,2
new_credit_rating,2
old_credit_rating,2
monthly_credit_rating,2
credit_risk,2
old_credit_risk,2
patient_credit_risk,2
annual_credit_risk,2
staff_credit_risk,2
employee_credit_risk,2
user_credit_risk,2
credit_risk_amount,2
credit_risk_value,2
new_credit_risk,2
credit_risk_data,2
current_credit_risk,2
credit_risk_info,2
credit_risk_details,2
customer_credit_risk,2
credit_risk_id,2
credit_risk_code,2
monthly_credit_risk,2
credit_risk_number,2
previous_credit_risk,2
employee_loan_amount,2
previous_loan_amount,2
loan_amount_details,2
monthly_loan_amount,2
customer_loan_amount,2
staff_loan_amount,2
annual_loan_amount,2
current_loan_amount,2
loan_amount_amount,2
loan_amount_id,2
loan_amount_number,2
loan_amount_value,2
user_loan_amount,2
old_loan_amount,2
patient_loan_amount,2
loan_amount_info,2
loan_amount,2
loan_amount_code,2
new_loan_amount,2
loan_amount_data,2
outstanding_loan_code,2
outstanding_loan,2
outstanding_loan_info,2
outstanding_loan_number,2
current_outstanding_loan,2
customer_outstanding_loan,2
outstanding_loan_details,2
outstanding_loan_value,2
previous_outstanding_loan,2
staff_outstanding_loan,2
outstanding_loan_id,2
new_outstanding_loan,2
annual_outstanding_loan,2
user_outstanding_loan,2
employee_outstanding_loan,2
outstanding_loan_amount,2
old_outstanding_loan,2
monthly_outstanding_loan,2
outstanding_loan_data,2
patient_outstanding_loan,2
debt_value,2
debt_details,2
user_debt,2
staff_debt,2
monthly_debt,2
debt_amount,2
debt_info,2
old_debt,2
patient_debt,2
debt_data,2
debt_number,2
employee_debt,2
debt_id,2
customer_debt,2
debt_code,2
previous_debt,2
current_debt,2
debt,2
annual_debt,2
new_debt,2
annual_mortgage,2
previous_mortgage,2
mortgage_info,2
mortgage_id,2
mortgage_amount,2
old_mortgage,2
user_mortgage,2
new_mortgage,2
mortgage_value,2
employee_mortgage,2
mortgage_data,2
mortgage_number,2
monthly_mortgage,2
staff_mortgage,2
customer_mortgage,2
mortgage_details,2
patient_mortgage,2
current_mortgage,2
mortgage_code,2
mortgage,2
new_emi,2
emi,2
annual_emi,2
previous_emi,2
current_emi,2
patient_emi,2
emi_id,2
emi_code,2
customer_emi,2
emi_value,2
user_emi,2
monthly_emi,2
old_emi,2
emi_number,2
employee_emi,2
emi_data,2
emi_info,2
emi_amount,2
emi_details,2
staff_emi,2
balance,2
previous_balance,2
balance_value,2
balance_info,2
balance_id,2
staff_balance,2
employee_balance,2
balance_details,2
old_balance,2
customer_balance,2
current_balance,2
balance_amount,2
balance_code,2
monthly_balance,2
patient_balance,2
annual_balance,2
user_balance,2
balance_number,2
balance_data,2
new_balance,2
bank_balance_code,2
bank_balance_id,2
staff_bank_balance,2
patient_bank_balance,2
annual_bank_balance,2
current_bank_balance,2
bank_balance_data,2
customer_bank_balance,2
previous_bank_balance,2
bank_balance_value,2
employee_bank_balance,2
old_bank_balance,2
bank_balance_info,2
monthly_bank_balance,2
new_bank_balance,2
user_bank_balance,2
bank_balance_number,2
bank_balance_details,2
bank_balance,2
bank_balance_amount,2
savings_id,2
savings_value,2
employee_savings,2
savings_amount,2
customer_savings,2
savings_code,2
patient_savings,2
previous_savings,2
savings_data,2
savings_number,2
savings_details,2
old_savings,2
user_savings,2
annual_savings,2
savings_info,2
savings,2
current_savings,2
staff_savings,2
new_savings,2
monthly_savings,2
new_net_worth,2
customer_net_worth,2
current_net_worth,2
net_worth_number,2
annual_net_worth,2
net_worth_details,2
net_worth_data,2
net_worth_amount,2
patient_net_worth,2
net_worth_id,2
monthly_net_worth,2
net_worth_value,2
previous_net_worth,2
employee_net_worth,2
net_worth_code,2
net_worth_info,2
net_worth,2
old_net_worth,2
user_net_worth,2
staff_net_worth,2
previous_assets,2
assets_info,2
new_assets,2
assets,2
old_assets,2
employee_assets,2
assets_id,2
monthly_assets,2
customer_assets,2
assets_amount,2
assets_data,2
user_assets,2
annual_assets,2
assets_value,2
assets_details,2
staff_assets,2
current_assets,2
assets_number,2
assets_code,2
patient_assets,2
liabilities_value,2
previous_liabilities,2
liabilities_data,2
liabilities_amount,2
liabilities_number,2
customer_liabilities,2
staff_liabilities,2
current_liabilities,2
old_liabilities,2
monthly_liabilities,2
new_liabilities,2
liabilities_info,2
annual_liabilities,2
patient_liabilities,2
employee_liabilities,2
liabilities_id,2
liabilities_details,2
liabilities,2
user_liabilities,2
liabilities_code,2
tax_paid_number,2
old_tax_paid,2
tax_paid_value,2
staff_tax_paid,2
employee_tax_paid,2
patient_tax_paid,2
monthly_tax_paid,2
annual_tax_paid,2
tax_paid_details,2
tax_paid_id,2
customer_tax_paid,2
current_tax_paid,2
tax_paid_code,2
tax_paid_amount,2
tax_paid,2
tax_paid_info,2
previous_tax_paid,2
user_tax_paid,2
new_tax_paid,2
tax_paid_data,2
tax_amount_value,2
tax_amount_code,2
patient_tax_amount,2
annual_tax_amount,2
old_tax_amount,2
tax_amount_id,2
tax_amount_info,2
customer_tax_amount,2
tax_amount_data,2
tax_amount_number,2
tax_amount_amount,2
monthly_tax_amount,2
tax_amount_details,2
new_tax_amount,2
user_tax_amount,2
current_tax_amount,2
previous_tax_amount,2
tax_amount,2
staff_tax_amount,2
employee_tax_amount,2
tax_bracket_data,2
current_tax_bracket,2
new_tax_bracket,2
tax_bracket_value,2
tax_bracket_code,2
tax_bracket,2
tax_bracket_id,2
tax_bracket_details,2
patient_tax_bracket,2
customer_tax_bracket,2
old_tax_bracket,2
user_tax_bracket,2
tax_bracket_info,2
tax_bracket_number,2
annual_tax_bracket,2
employee_tax_bracket,2
tax_bracket_amount,2
monthly_tax_bracket,2
staff_tax_bracket,2
previous_tax_bracket,2
penalty_code,2
old_penalty,2
patient_penalty,2
customer_penalty,2
penalty_amount,2
penalty_data,2
penalty,2
user_penalty,2
current_penalty,2
monthly_penalty,2
penalty_info,2
penalty_number,2
new_penalty,2
penalty_value,2
penalty_id,2
penalty_details,2
employee_penalty,2
staff_penalty,2
previous_penalty,2
annual_penalty,2
fine_amount,2
annual_fine,2
customer_fine,2
fine_number,2
user_fine,2
employee_fine,2
fine_details,2
fine_value,2
staff_fine,2
fine,2
old_fine,2
patient_fine,2
fine_info,2
fine_data,2
new_fine,2
previous_fine,2
fine_code,2
current_fine,2
fine_id,2
monthly_fine,2
annual_diagnosis,2
old_diagnosis,2
diagnosis_code,2
diagnosis,2
monthly_diagnosis,2
diagnosis_id,2
previous_diagnosis,2
new_diagnosis,2
current_diagnosis,2
diagnosis_number,2
customer_diagnosis,2
user_diagnosis,2
diagnosis_details,2
patient_diagnosis,2
diagnosis_value,2
diagnosis_amount,2
employee_diagnosis,2
diagnosis_info,2
diagnosis_data,2
staff_diagnosis,2
medical_condition_data,2
medical_condition_code,2
staff_medical_condition,2
medical_condition_number,2
medical_condition,2
employee_medical_condition,2
medical_condition_amount,2
medical_condition_info,2
patient_medical_condition,2
customer_medical_condition,2
new_medical_condition,2
monthly_medical_condition,2
annual_medical_condition,2
medical_condition_id,2
medical_condition_details,2
current_medical_condition,2
medical_condition_value,2
user_medical_condition,2
previous_medical_condition,2
old_medical_condition,2
new_disease,2
disease,2
current_disease,2
previous_disease,2
patient_disease,2
disease_code,2
user_disease,2
disease_details,2
customer_disease,2
disease_number,2
disease_id,2
disease_value,2
disease_data,2
annual_disease,2
staff_disease,2
monthly_disease,2
disease_amount,2
disease_info,2
employee_disease,2
old_disease,2
user_illness,2
illness_value,2
illness_number,2
illness_amount,2
previous_illness,2
annual_illness,2
monthly_illness,2
employee_illness,2
customer_illness,2
illness_data,2
staff_illness,2
illness_code,2
patient_illness,2
illness_info,2
new_illness,2
illness,2
illness_details,2
current_illness,2
illness_id,2
old_illness,2
staff_disorder,2
patient_disorder,2
disorder_data,2
disorder_amount,2
employee_disorder,2
previous_disorder,2
disorder_number,2
current_disorder,2
disorder_details,2
disorder_info,2
disorder_value,2
old_disorder,2
new_disorder,2
user_disorder,2
monthly_disorder,2
disorder_code,2
customer_disorder,2
annual_disorder,2
disorder,2
disorder_id,2
syndrome_data,2
monthly_syndrome,2
old_syndrome,2
customer_syndrome,2
current_syndrome,2
user_syndrome,2
patient_syndrome,2
employee_syndrome,2
syndrome_details,2
annual_syndrome,2
syndrome_number,2
syndrome,2
syndrome_id,2
syndrome_info,2
syndrome_amount,2
syndrome_value,2
syndrome_code,2
staff_syndrome,2
new_syndrome,2
previous_syndrome,2
monthly_hiv_status,2
hiv_status_id,2
hiv_status_amount,2
previous_hiv_status,2
hiv_status,2
hiv_status_number,2
customer_hiv_status,2
new_hiv_status,2
current_hiv_status,2
hiv_status_value,2
patient_hiv_status,2
hiv_status_info,2
hiv_status_code,2
employee_hiv_status,2
old_hiv_status,2
hiv_status_details,2
staff_hiv_status,2
hiv_status_data,2
annual_hiv_status,2
user_hiv_status,2
annual_aids,2
new_aids,2
monthly_aids,2
aids_value,2
patient_aids,2
aids_info,2
staff_aids,2
current_aids,2
aids,2
aids_details,2
aids_data,2
aids_amount,2
aids_code,2
previous_aids,2
aids_number,2
customer_aids,2
aids_id,2
employee_aids,2
old_aids,2
user_aids,2
employee_cancer_type,2
old_cancer_type,2
cancer_type,2
cancer_type_details,2
user_cancer_type,2
patient_cancer_type,2
current_cancer_type,2
staff_cancer_type,2
new_cancer_type,2
cancer_type_amount,2
cancer_type_info,2
cancer_type_number,2
annual_cancer_type,2
cancer_type_value,2
monthly_cancer_type,2
cancer_type_data,2
cancer_type_code,2
previous_cancer_type,2
customer_cancer_type,2
cancer_type_id,2
customer_diabetes_type,2
monthly_diabetes_type,2
previous_diabetes_type,2
new_diabetes_type,2
diabetes_type_data,2
diabetes_type_info,2
patient_diabetes_type,2
staff_diabetes_type,2
user_diabetes_type,2
diabetes_type_code,2
diabetes_type_number,2
diabetes_type_details,2
annual_diabetes_type,2
diabetes_type_value,2
employee_diabetes_type,2
diabetes_type,2
current_diabetes_type,2
old_diabetes_type,2
diabetes_type_amount,2
diabetes_type_id,2
customer_blood_pressure,2
employee_blood_pressure,2
blood_pressure_value,2
previous_blood_pressure,2
blood_pressure_amount,2
blood_pressure_details,2
blood_pressure_id,2
monthly_blood_pressure,2
current_blood_pressure,2
old_blood_pressure,2
new_blood_pressure,2
annual_blood_pressure,2
blood_pressure_data,2
blood_pressure,2
blood_pressure_code,2
blood_pressure_number,2
user_blood_pressure,2
staff_blood_pressure,2
blood_pressure_info,2
patient_blood_pressure,2
user_cholesterol,2
customer_cholesterol,2
annual_cholesterol,2
cholesterol_id,2
current_cholesterol,2
cholesterol_value,2
cholesterol_amount,2
cholesterol,2
previous_cholesterol,2
cholesterol_number,2
new_cholesterol,2
employee_cholesterol,2
cholesterol_info,2
old_cholesterol,2
staff_cholesterol,2
monthly_cholesterol,2
cholesterol_data,2
cholesterol_details,2
patient_cholesterol,2
cholesterol_code,2
old_medication,2
medication,2
staff_medication,2
patient_medication,2
medication_code,2
current_medication,2
annual_medication,2
medication_info,2
employee_medication,2
medication_number,2
monthly_medication,2
new_medication,2
medication_id,2
previous_medication,2
medication_amount,2
medication_details,2
medication_data,2
medication_value,2
user_medication,2
customer_medication,2
user_prescription,2
prescription_number,2
prescription_value,2
monthly_prescription,2
prescription_info,2
annual_prescription,2
current_prescription,2
previous_prescription,2
staff_prescription,2
prescription,2
prescription_data,2
patient_prescription,2
prescription_amount,2
prescription_id,2
prescription_code,2
employee_prescription,2
customer_prescription,2
prescription_details,2
new_prescription,2
old_prescription,2
patient_drug_name,2
customer_drug_name,2
drug_name_info,2
monthly_drug_name,2
old_drug_name,2
user_drug_name,2
current_drug_name,2
drug_name_data,2
drug_name_id,2
drug_name_value,2
drug_name_details,2
previous_drug_name,2
drug_name_amount,2
annual_drug_name,2
employee_drug_name,2
drug_name,2
new_drug_name,2
staff_drug_name,2
drug_name_number,2
drug_name_code,2
staff_treatment,2
treatment_amount,2
current_treatment,2
old_treatment,2
customer_treatment,2
treatment_data,2
treatment_id,2
treatment_info,2
annual_treatment,2
treatment,2
user_treatment,2
new_treatment,2
previous_treatment,2
treatment_number,2
employee_treatment,2
treatment_details,2
treatment_value,2
treatment_code,2
monthly_treatment,2
patient_treatment,2
staff_therapy,2
previous_therapy,2
therapy_number,2
therapy,2
employee_therapy,2
old_therapy,2
current_therapy,2
therapy_amount,2
therapy_value,2
monthly_therapy,2
user_therapy,2
therapy_code,2
therapy_data,2
new_therapy,2
annual_therapy,2
therapy_details,2
therapy_id,2
therapy_info,2
patient_therapy,2
customer_therapy,2
previous_surgery,2
annual_surgery,2
employee_surgery,2
surgery_value,2
surgery_data,2
surgery_amount,2
patient_surgery,2
new_surgery,2
staff_surgery,2
user_surgery,2
old_surgery,2
current_surgery,2
surgery_number,2
monthly_surgery,2
surgery_code,2
surgery_id,2
surgery,2
surgery_details,2
surgery_info,2
customer_surgery,2
test_result_number,2
test_result_value,2
current_test_result,2
user_test_result,2
test_result_code,2
monthly_test_result,2
previous_test_result,2
test_result,2
customer_test_result,2
annual_test_result,2
patient_test_result,2
test_result_info,2
employee_test_result,2
staff_test_result,2
test_result_details,2
test_result_id,2
test_result_amount,2
new_test_result,2
old_test_result,2
test_result_data,2
new_lab_result,2
lab_result_amount,2
old_lab_result,2
lab_result_data,2
user_lab_result,2
lab_result_id,2
lab_result,2
staff_lab_result,2
lab_result_code,2
lab_result_info,2
current_lab_result,2
annual_lab_result,2
patient_lab_result,2
customer_lab_result,2
employee_lab_result,2
lab_result_number,2
lab_result_value,2
lab_result_details,2
previous_lab_result,2
monthly_lab_result,2
employee_pathology_result,2
pathology_result_data,2
previous_pathology_result,2
pathology_result_id,2
pathology_result_info,2
pathology_result_details,2
current_pathology_result,2
pathology_result_number,2
pathology_result,2
staff_pathology_result,2
user_pathology_result,2
patient_pathology_result,2
pathology_result_amount,2
monthly_pathology_result,2
customer_pathology_result,2
new_pathology_result,2
annual_pathology_result,2
pathology_result_value,2
pathology_result_code,2
old_pathology_result,2
mental_health_amount,2
monthly_mental_health,2
mental_health_number,2
old_mental_health,2
new_mental_health,2
mental_health_code,2
previous_mental_health,2
current_mental_health,2
mental_health,2
patient_mental_health,2
user_mental_health,2
customer_mental_health,2
mental_health_value,2
employee_mental_health,2
staff_mental_health,2
mental_health_data,2
mental_health_details,2
mental_health_info,2
annual_mental_health,2
mental_health_id,2
depression_data,2
patient_depression,2
employee_depression,2
depression_details,2
new_depression,2
monthly_depression,2
depression_code,2
annual_depression,2
depression_value,2
depression_id,2
staff_depression,2
depression,2
previous_depression,2
user_depression,2
customer_depression,2
depression_amount,2
depression_info,2
current_depression,2
old_depression,2
depression_number,2
current_anxiety,2
anxiety_info,2
monthly_anxiety,2
anxiety_data,2
anxiety_value,2
staff_anxiety,2
old_anxiety,2
annual_anxiety,2
patient_anxiety,2
previous_anxiety,2
anxiety,2
anxiety_number,2
new_anxiety,2
anxiety_amount,2
anxiety_code,2
customer_anxiety,2
anxiety_details,2
anxiety_id,2
user_anxiety,2
employee_anxiety,2
employee_psychiatric_condition,2
monthly_psychiatric_condition,2
patient_psychiatric_condition,2
psychiatric_condition_details,2
psychiatric_condition_info,2
annual_psychiatric_condition,2
psychiatric_condition_code,2
psychiatric_condition_number,2
psychiatric_condition,2
user_psychiatric_condition,2
psychiatric_condition_id,2
new_psychiatric_condition,2
previous_psychiatric_condition,2
customer_psychiatric_condition,2
psychiatric_condition_data,2
old_psychiatric_condition,2
staff_psychiatric_condition,2
psychiatric_condition_amount,2
current_psychiatric_condition,2
psychiatric_condition_value,2
psychological_condition_data,2
new_psychological_condition,2
monthly_psychological_condition,2
staff_psychological_condition,2
annual_psychological_condition,2
patient_psychological_condition,2
employee_psychological_condition,2
customer_psychological_condition,2
previous_psychological_condition,2
psychological_condition_amount,2
psychological_condition_value,2
psychological_condition_id,2
psychological_condition_details,2
psychological_condition_info,2
psychological_condition,2
user_psychological_condition,2
current_psychological_condition,2
psychological_condition_code,2
psychological_condition_number,2
old_psychological_condition,2
substance_use,2
substance_use_number,2
monthly_substance_use,2
new_substance_use,2
substance_use_data,2
substance_use_details,2
staff_substance_use,2
user_substance_use,2
substance_use_value,2
substance_use_id,2
substance_use_code,2
employee_substance_use,2
customer_substance_use,2
annual_substance_use,2
patient_substance_use,2
previous_substance_use,2
substance_use_amount,2
substance_use_info,2
old_substance_use,2
current_substance_use,2
current_alcohol_use,2
old_alcohol_use,2
alcohol_use_info,2
monthly_alcohol_use,2
previous_alcohol_use,2
alcohol_use_number,2
new_alcohol_use,2
alcohol_use_id,2
alcohol_use_code,2
alcohol_use,2
alcohol_use_amount,2
user_alcohol_use,2
annual_alcohol_use,2
alcohol_use_value,2
customer_alcohol_use,2
alcohol_use_data,2
employee_alcohol_use,2
patient_alcohol_use,2
staff_alcohol_use,2
alcohol_use_details,2
drug_use_number,2
current_drug_use,2
user_drug_use,2
drug_use_value,2
customer_drug_use,2
drug_use,2
previous_drug_use,2
annual_drug_use,2
drug_use_details,2
staff_drug_use,2
drug_use_code,2
monthly_drug_use,2
new_drug_use,2
drug_use_id,2
old_drug_use,2
employee_drug_use,2
patient_drug_use,2
drug_use_info,2
drug_use_data,2
drug_use_amount,2
smoking_status_number,2
smoking_status_info,2
old_smoking_status,2
smoking_status_details,2
annual_smoking_status,2
current_smoking_status,2
customer_smoking_status,2
smoking_status_code,2
user_smoking_status,2
smoking_status_id,2
previous_smoking_status,2
patient_smoking_status,2
employee_smoking_status,2
new_smoking_status,2
monthly_smoking_status,2
smoking_status_data,2
smoking_status_value,2
staff_smoking_status,2
smoking_status_amount,2
smoking_status,2
employee_tobacco_use,2
tobacco_use_info,2
new_tobacco_use,2
annual_tobacco_use,2
tobacco_use_id,2
previous_tobacco_use,2
tobacco_use_code,2
tobacco_use_amount,2
tobacco_use_data,2
user_tobacco_use,2
tobacco_use_value,2
tobacco_use_details,2
tobacco_use,2
staff_tobacco_use,2
old_tobacco_use,2
tobacco_use_number,2
current_tobacco_use,2
monthly_tobacco_use,2
customer_tobacco_use,2
patient_tobacco_use,2
previous_pregnancy,2
pregnancy_details,2
pregnancy_info,2
monthly_pregnancy,2
pregnancy_number,2
pregnancy,2
annual_pregnancy,2
current_pregnancy,2
old_pregnancy,2
pregnancy_data,2
user_pregnancy,2
pregnancy_amount,2
pregnancy_value,2
new_pregnancy,2
employee_pregnancy,2
pregnancy_code,2
customer_pregnancy,2
pregnancy_id,2
patient_pregnancy,2
staff_pregnancy,2
reproductive_health,2
previous_reproductive_health,2
employee_reproductive_health,2
current_reproductive_health,2
reproductive_health_info,2
user_reproductive_health,2
reproductive_health_number,2
monthly_reproductive_health,2
reproductive_health_amount,2
reproductive_health_id,2
reproductive_health_data,2
customer_reproductive_health,2
patient_reproductive_health,2
annual_reproductive_health,2
old_reproductive_health,2
reproductive_health_code,2
reproductive_health_value,2
staff_reproductive_health,2
reproductive_health_details,2
new_reproductive_health,2
customer_criminal_record,2
criminal_record_code,2
criminal_record,2
staff_criminal_record,2
new_criminal_record,2
old_criminal_record,2
previous_criminal_record,2
criminal_record_value,2
employee_criminal_record,2
user_criminal_record,2
criminal_record_data,2
criminal_record_details,2
monthly_criminal_record,2
annual_criminal_record,2
criminal_record_amount,2
criminal_record_id,2
criminal_record_info,2
current_criminal_record,2
patient_criminal_record,2
criminal_record_number,2
arrest_code,2
staff_arrest,2
monthly_arrest,2
arrest_data,2
old_arrest,2
user_arrest,2
patient_arrest,2
arrest_id,2
arrest_value,2
arrest_details,2
employee_arrest,2
arrest,2
arrest_number,2
customer_arrest,2
arrest_info,2
previous_arrest,2
new_arrest,2
arrest_amount,2
annual_arrest,2
current_arrest,2
current_conviction,2
conviction_id,2
employee_conviction,2
conviction,2
user_conviction,2
new_conviction,2
old_conviction,2
conviction_info,2
conviction_data,2
conviction_number,2
conviction_amount,2
conviction_value,2
monthly_conviction,2
previous_conviction,2
conviction_details,2
conviction_code,2
staff_conviction,2
annual_conviction,2
customer_conviction,2
patient_conviction,2
felony_code,2
employee_felony,2
felony_info,2
monthly_felony,2
annual_felony,2
patient_felony,2
felony_value,2
felony_id,2
felony_details,2
old_felony,2
new_felony,2
customer_felony,2
user_felony,2
current_felony,2
previous_felony,2
felony,2
felony_data,2
staff_felony,2
felony_number,2
felony_amount,2
annual_misdemeanor,2
old_misdemeanor,2
misdemeanor_id,2
new_misdemeanor,2
misdemeanor_number,2
misdemeanor_details,2
misdemeanor_info,2
misdemeanor_data,2
customer_misdemeanor,2
patient_misdemeanor,2
misdemeanor_code,2
current_misdemeanor,2
user_misdemeanor,2
previous_misdemeanor,2
employee_misdemeanor,2
staff_misdemeanor,2
misdemeanor_value,2
misdemeanor,2
misdemeanor_amount,2
monthly_misdemeanor,2
offense_number,2
user_offense,2
offense,2
previous_offense,2
offense_code,2
offense_data,2
patient_offense,2
employee_offense,2
offense_info,2
old_offense,2
monthly_offense,2
new_offense,2
annual_offense,2
offense_id,2
offense_value,2
customer_offense,2
offense_amount,2
current_offense,2
staff_offense,2
offense_details,2
staff_political_affiliation,2
political_affiliation_number,2
patient_political_affiliation,2
previous_political_affiliation,2
customer_political_affiliation,2
political_affiliation_code,2
user_political_affiliation,2
political_affiliation_info,2
monthly_political_affiliation,2
political_affiliation_value,2
old_political_affiliation,2
political_affiliation_amount,2
employee_political_affiliation,2
annual_political_affiliation,2
political_affiliation,2
new_political_affiliation,2
political_affiliation_data,2
current_political_affiliation,2
political_affiliation_id,2
political_affiliation_details,2
employee_political_party,2
political_party,2
political_party_amount,2
political_party_info,2
political_party_value,2
political_party_number,2
previous_political_party,2
staff_political_party,2
political_party_id,2
political_party_code,2
user_political_party,2
annual_political_party,2
customer_political_party,2
current_political_party,2
monthly_political_party,2
new_political_party,2
old_political_party,2
patient_political_party,2
political_party_data,2
political_party_details,2
staff_vote,2
annual_vote,2
monthly_vote,2
vote,2
vote_code,2
vote_details,2
user_vote,2
current_vote,2
vote_info,2
patient_vote,2
vote_data,2
vote_value,2
vote_id,2
previous_vote,2
vote_amount,2
employee_vote,2
vote_number,2
new_vote,2
old_vote,2
customer_vote,2
customer_sexual_orientation,2
monthly_sexual_orientation,2
sexual_orientation,2
sexual_orientation_code,2
annual_sexual_orientation,2
sexual_orientation_amount,2
new_sexual_orientation,2
staff_sexual_orientation,2
sexual_orientation_details,2
user_sexual_orientation,2
employee_sexual_orientation,2
sexual_orientation_number,2
previous_sexual_orientation,2
sexual_orientation_value,2
sexual_orientation_info,2
old_sexual_orientation,2
current_sexual_orientation,2
sexual_orientation_id,2
sexual_orientation_data,2
patient_sexual_orientation,2
customer_lgbtq_status,2
employee_lgbtq_status,2
lgbtq_status_code,2
lgbtq_status,2
current_lgbtq_status,2
lgbtq_status_id,2
monthly_lgbtq_status,2
lgbtq_status_number,2
old_lgbtq_status,2
lgbtq_status_data,2
lgbtq_status_amount,2
previous_lgbtq_status,2
lgbtq_status_info,2
new_lgbtq_status,2
staff_lgbtq_status,2
lgbtq_status_value,2
lgbtq_status_details,2
annual_lgbtq_status,2
user_lgbtq_status,2
patient_lgbtq_status,2
performance_rating_code,2
staff_performance_rating,2
monthly_performance_rating,2
performance_rating,2
annual_performance_rating,2
performance_rating_number,2
customer_performance_rating,2
performance_rating_details,2
performance_rating_id,2
performance_rating_info,2
new_performance_rating,2
employee_performance_rating,2
performance_rating_value,2
user_performance_rating,2
patient_performance_rating,2
performance_rating_data,2
current_performance_rating,2
performance_rating_amount,2
previous_performance_rating,2
old_performance_rating,2
performance_score_number,2
performance_score_details,2
performance_score_info,2
performance_score_data,2
employee_performance_score,2
performance_score_amount,2
performance_score_value,2
patient_performance_score,2
performance_score_id,2
annual_performance_score,2
old_performance_score,2
new_performance_score,2
monthly_performance_score,2
performance_score,2
user_performance_score,2
staff_performance_score,2
customer_performance_score,2
performance_score_code,2
current_performance_score,2
previous_performance_score,2
appraisal,2
previous_appraisal,2
user_appraisal,2
appraisal_id,2
appraisal_data,2
appraisal_number,2
current_appraisal,2
annual_appraisal,2
old_appraisal,2
customer_appraisal,2
appraisal_details,2
appraisal_amount,2
patient_appraisal,2
appraisal_value,2
new_appraisal,2
appraisal_info,2
staff_appraisal,2
appraisal_code,2
monthly_appraisal,2
employee_appraisal,2
annual_review_score,2
review_score_info,2
review_score_number,2
review_score_id,2
current_review_score,2
customer_review_score,2
review_score_details,2
old_review_score,2
staff_review_score,2
review_score_code,2
new_review_score,2
user_review_score,2
review_score_data,2
monthly_review_score,2
review_score_value,2
previous_review_score,2
review_score,2
review_score_amount,2
employee_review_score,2
patient_review_score,2
current_gpa,2
gpa_value,2
employee_gpa,2
customer_gpa,2
patient_gpa,2
user_gpa,2
annual_gpa,2
gpa_code,2
gpa,2
old_gpa,2
gpa_data,2
gpa_amount,2
gpa_number,2
previous_gpa,2
staff_gpa,2
gpa_info,2
gpa_id,2
monthly_gpa,2
new_gpa,2
gpa_details,2
grade_number,2
staff_grade,2
monthly_grade,2
grade_amount,2
grade_id,2
grade,2
grade_data,2
grade_details,2
employee_grade,2
old_grade,2
patient_grade,2
user_grade,2
annual_grade,2
grade_info,2
grade_value,2
new_grade,2
grade_code,2
previous_grade,2
current_grade,2
customer_grade,2
marks_id,2
marks_amount,2
user_marks,2
customer_marks,2
marks_details,2
old_marks,2
marks_info,2
previous_marks,2
employee_marks,2
new_marks,2
annual_marks,2
patient_marks,2
staff_marks,2
marks_code,2
marks_value,2
marks,2
marks_number,2
marks_data,2
monthly_marks,2
current_marks,2
current_score,2
annual_score,2
score_details,2
user_score,2
patient_score,2
score_info,2
score_data,2
score_code,2
previous_score,2
customer_score,2
employee_score,2
score,2
monthly_score,2
score_amount,2
score_value,2
score_number,2
new_score,2
score_id,2
staff_score,2
old_score,2
annual_exam_result,2
exam_result_data,2
customer_exam_result,2
old_exam_result,2
patient_exam_result,2
exam_result,2
previous_exam_result,2
exam_result_number,2
employee_exam_result,2
exam_result_code,2
exam_result_info,2
exam_result_id,2
user_exam_result,2
exam_result_amount,2
monthly_exam_result,2
current_exam_result,2
staff_exam_result,2
exam_result_details,2
exam_result_value,2
new_exam_result,2
test_score_id,2
previous_test_score,2
test_score_number,2
test_score_value,2
patient_test_score,2
staff_test_score,2
employee_test_score,2
test_score,2
old_test_score,2
test_score_amount,2
customer_test_score,2
current_test_score,2
test_score_details,2
monthly_test_score,2
test_score_info,2
test_score_code,2
user_test_score,2
new_test_score,2
test_score_data,2
annual_test_score,2
employee_academic_result,2
academic_result_info,2
monthly_academic_result,2
current_academic_result,2
user_academic_result,2
academic_result_number,2
academic_result_code,2
academic_result_details,2
old_academic_result,2
patient_academic_result,2
academic_result_data,2
academic_result_value,2
academic_result_amount,2
staff_academic_result,2
customer_academic_result,2
annual_academic_result,2
academic_result_id,2
previous_academic_result,2
new_academic_result,2
academic_result,2
staff_insurance_claim,2
insurance_claim_data,2
current_insurance_claim,2
annual_insurance_claim,2
customer_insurance_claim,2
insurance_claim_details,2
monthly_insurance_claim,2
insurance_claim_info,2
insurance_claim_amount,2
insurance_claim_code,2
employee_insurance_claim,2
old_insurance_claim,2
patient_insurance_claim,2
user_insurance_claim,2
insurance_claim_value,2
insurance_claim_id,2
previous_insurance_claim,2
insurance_claim_number,2
new_insurance_claim,2
insurance_claim,2
claim_amount_amount,2
claim_amount_value,2
staff_claim_amount,2
user_claim_amount,2
patient_claim_amount,2
claim_amount_info,2
current_claim_amount,2
new_claim_amount,2
claim_amount_number,2
claim_amount_id,2
claim_amount_details,2
customer_claim_amount,2
annual_claim_amount,2
employee_claim_amount,2
claim_amount_code,2
previous_claim_amount,2
monthly_claim_amount,2
claim_amount,2
claim_amount_data,2
old_claim_amount,2
patient_payout,2
user_payout,2
payout_details,2
previous_payout,2
payout_id,2
monthly_payout,2
payout_data,2
payout_value,2
customer_payout,2
current_payout,2
annual_payout,2
payout_amount,2
staff_payout,2
employee_payout,2
payout_info,2
payout_number,2
new_payout,2
payout,2
payout_code,2
old_payout,2
current_welfare_benefit,2
welfare_benefit_number,2
welfare_benefit_code,2
welfare_benefit_info,2
previous_welfare_benefit,2
monthly_welfare_benefit,2
employee_welfare_benefit,2
welfare_benefit_data,2
annual_welfare_benefit,2
customer_welfare_benefit,2
patient_welfare_benefit,2
welfare_benefit_amount,2
staff_welfare_benefit,2
user_welfare_benefit,2
welfare_benefit_details,2
new_welfare_benefit,2
welfare_benefit_id,2
welfare_benefit_value,2
old_welfare_benefit,2
welfare_benefit,2
subsidy_id,2
new_subsidy,2
previous_subsidy,2
subsidy_code,2
subsidy_amount,2
annual_subsidy,2
monthly_subsidy,2
old_subsidy,2
customer_subsidy,2
patient_subsidy,2
user_subsidy,2
subsidy_value,2
employee_subsidy,2
current_subsidy,2
subsidy,2
subsidy_number,2
subsidy_data,2
staff_subsidy,2
subsidy_info,2
subsidy_details,2
patient_social_security_benefit,2
social_security_benefit_data,2
user_social_security_benefit,2
social_security_benefit_value,2
old_social_security_benefit,2
current_social_security_benefit,2
social_security_benefit_info,2
social_security_benefit_number,2
customer_social_security_benefit,2
social_security_benefit_id,2
new_social_security_benefit,2
staff_social_security_benefit,2
social_security_benefit,2
social_security_benefit_code,2
monthly_social_security_benefit,2
employee_social_security_benefit,2
social_security_benefit_details,2
previous_social_security_benefit,2
social_security_benefit_amount,2
annual_social_security_benefit,2
investment_value,2
staff_investment,2
old_investment,2
investment_amount,2
patient_investment,2
investment,2
investment_number,2
user_investment,2
investment_info,2
annual_investment,2
investment_details,2
current_investment,2
customer_investment,2
new_investment,2
investment_data,2
employee_investment,2
monthly_investment,2
investment_id,2
previous_investment,2
investment_code,2
monthly_portfolio_value,2
annual_portfolio_value,2
portfolio_value_amount,2
staff_portfolio_value,2
customer_portfolio_value,2
portfolio_value,2
previous_portfolio_value,2
patient_portfolio_value,2
portfolio_value_value,2
employee_portfolio_value,2
portfolio_value_info,2
portfolio_value_details,2
portfolio_value_id,2
user_portfolio_value,2
portfolio_value_data,2
old_portfolio_value,2
portfolio_value_number,2
portfolio_value_code,2
new_portfolio_value,2
current_portfolio_value,2
stock_holdings_value,2
new_stock_holdings,2
stock_holdings_details,2
stock_holdings_data,2
stock_holdings_number,2
old_stock_holdings,2
stock_holdings_code,2
current_stock_holdings,2
employee_stock_holdings,2
stock_holdings_amount,2
user_stock_holdings,2
staff_stock_holdings,2
customer_stock_holdings,2
annual_stock_holdings,2
monthly_stock_holdings,2
stock_holdings,2
patient_stock_holdings,2
stock_holdings_id,2
previous_stock_holdings,2
stock_holdings_info,2
property_value_number,2
employee_property_value,2
staff_property_value,2
new_property_value,2
annual_property_value,2
property_value_code,2
property_value_value,2
property_value_data,2
old_property_value,2
previous_property_value,2
property_value,2
property_value_info,2
customer_property_value,2
user_property_value,2
property_value_details,2
property_value_amount,2
patient_property_value,2
property_value_id,2
monthly_property_value,2
current_property_value,2
real_estate,2
patient_real_estate,2
real_estate_amount,2
new_real_estate,2
annual_real_estate,2
previous_real_estate,2
current_real_estate,2
customer_real_estate,2
real_estate_code,2
user_real_estate,2
employee_real_estate,2
monthly_real_estate,2
real_estate_value,2
staff_real_estate,2
real_estate_data,2
real_estate_id,2
old_real_estate,2
real_estate_number,2
real_estate_info,2
real_estate_details,2
bankruptcy_number,2
bankruptcy_value,2
old_bankruptcy,2
bankruptcy_id,2
bankruptcy_amount,2
bankruptcy_code,2
bankruptcy,2
annual_bankruptcy,2
bankruptcy_data,2
bankruptcy_details,2
monthly_bankruptcy,2
previous_bankruptcy,2
new_bankruptcy,2
current_bankruptcy,2
patient_bankruptcy,2
staff_bankruptcy,2
user_bankruptcy,2
bankruptcy_info,2
employee_bankruptcy,2
customer_bankruptcy,2
insolvency,2
insolvency_value,2
insolvency_details,2
staff_insolvency,2
user_insolvency,2
patient_insolvency,2
insolvency_data,2
insolvency_number,2
insolvency_id,2
annual_insolvency,2
previous_insolvency,2
insolvency_code,2
current_insolvency,2
insolvency_amount,2
old_insolvency,2
insolvency_info,2
customer_insolvency,2
monthly_insolvency,2
new_insolvency,2
employee_insolvency,2
default_number,2
staff_default,2
monthly_default,2
annual_default,2
previous_default,2
default_details,2
default_id,2
default_value,2
employee_default,2
old_default,2
default_amount,2
user_default,2
default,2
customer_default,2
current_default,2
new_default,2
default_code,2
patient_default,2
default_info,2
default_data,2
patient_id,3
id_code,3
id_id,3
id_details,3
id_number,3
id_amount,3
old_id,3
id,3
employee_id,3
id_value,3
id_info,3
staff_id,3
id_data,3
annual_id,3
monthly_id,3
previous_id,3
current_id,3
new_id,3
customer_id,3
user_id,3
row_id_info,3
row_id_value,3
staff_row_id,3
previous_row_id,3
row_id,3
patient_row_id,3
user_row_id,3
row_id_details,3
employee_row_id,3
new_row_id,3
old_row_id,3
customer_row_id,3
row_id_id,3
annual_row_id,3
row_id_amount,3
row_id_number,3
row_id_code,3
monthly_row_id,3
row_id_data,3
current_row_id,3
record_id_value,3
old_record_id,3
record_id_info,3
record_id_details,3
employee_record_id,3
previous_record_id,3
record_id_amount,3
record_id,3
customer_record_id,3
record_id_code,3
patient_record_id,3
current_record_id,3
staff_record_id,3
new_record_id,3
record_id_data,3
annual_record_id,3
record_id_number,3
record_id_id,3
monthly_record_id,3
user_record_id,3
employee_index,3
index_info,3
staff_index,3
new_index,3
index_amount,3
index_code,3
index,3
monthly_index,3
current_index,3
previous_index,3
customer_index,3
patient_index,3
index_id,3
index_number,3
user_index,3
index_value,3
index_data,3
annual_index,3
index_details,3
old_index,3
idx_value,3
idx,3
idx_data,3
new_idx,3
annual_idx,3
idx_info,3
monthly_idx,3
idx_code,3
employee_idx,3
old_idx,3
patient_idx,3
customer_idx,3
current_idx,3
idx_details,3
staff_idx,3
idx_number,3
user_idx,3
idx_id,3
previous_idx,3
idx_amount,3
customer_seq,3
new_seq,3
seq_number,3
previous_seq,3
annual_seq,3
employee_seq,3
current_seq,3
staff_seq,3
monthly_seq,3
seq_id,3
seq,3
seq_code,3
seq_amount,3
seq_info,3
seq_data,3
user_seq,3
seq_value,3
seq_details,3
patient_seq,3
old_seq,3
sequence_number_amount,3
old_sequence_number,3
staff_sequence_number,3
current_sequence_number,3
monthly_sequence_number,3
sequence_number_id,3
patient_sequence_number,3
sequence_number_data,3
sequence_number_value,3
customer_sequence_number,3
sequence_number_details,3
sequence_number_info,3
annual_sequence_number,3
new_sequence_number,3
sequence_number_code,3
employee_sequence_number,3
user_sequence_number,3
sequence_number_number,3
sequence_number,3
previous_sequence_number,3
user_serial,3
serial_id,3
old_serial,3
employee_serial,3
serial_value,3
serial,3
previous_serial,3
serial_data,3
serial_amount,3
annual_serial,3
current_serial,3
monthly_serial,3
serial_info,3
patient_serial,3
staff_serial,3
serial_code,3
serial_details,3
new_serial,3
customer_serial,3
serial_number,3
previous_created_at,3
new_created_at,3
patient_created_at,3
old_created_at,3
employee_created_at,3
customer_created_at,3
user_created_at,3
annual_created_at,3
created_at_value,3
staff_created_at,3
created_at_code,3
monthly_created_at,3
created_at_details,3
created_at_amount,3
created_at_number,3
current_created_at,3
created_at_info,3
created_at_data,3
created_at,3
created_at_id,3
staff_updated_at,3
updated_at,3
updated_at_details,3
employee_updated_at,3
updated_at_code,3
annual_updated_at,3
updated_at_info,3
current_updated_at,3
updated_at_number,3
user_updated_at,3
customer_updated_at,3
old_updated_at,3
updated_at_id,3
updated_at_amount,3
new_updated_at,3
previous_updated_at,3
monthly_updated_at,3
updated_at_data,3
patient_updated_at,3
updated_at_value,3
current_timestamp,3
timestamp_code,3
timestamp,3
timestamp_amount,3
new_timestamp,3
old_timestamp,3
timestamp_info,3
patient_timestamp,3
timestamp_number,3
customer_timestamp,3
monthly_timestamp,3
user_timestamp,3
staff_timestamp,3
timestamp_data,3
previous_timestamp,3
timestamp_details,3
timestamp_id,3
annual_timestamp,3
timestamp_value,3
employee_timestamp,3
previous_created_date,3
employee_created_date,3
created_date_details,3
created_date_number,3
created_date_id,3
created_date_amount,3
user_created_date,3
new_created_date,3
patient_created_date,3
created_date_info,3
customer_created_date,3
staff_created_date,3
created_date_code,3
created_date_data,3
old_created_date,3
current_created_date,3
monthly_created_date,3
created_date,3
annual_created_date,3
created_date_value,3
staff_modified_date,3
annual_modified_date,3
customer_modified_date,3
modified_date_number,3
patient_modified_date,3
old_modified_date,3
employee_modified_date,3
previous_modified_date,3
current_modified_date,3
modified_date_info,3
modified_date_value,3
user_modified_date,3
modified_date_details,3
modified_date_amount,3
modified_date_id,3
monthly_modified_date,3
modified_date_code,3
new_modified_date,3
modified_date_data,3
modified_date,3
last_updated_info,3
staff_last_updated,3
old_last_updated,3
monthly_last_updated,3
last_updated_value,3
current_last_updated,3
last_updated_amount,3
last_updated_id,3
patient_last_updated,3
user_last_updated,3
new_last_updated,3
last_updated_code,3
annual_last_updated,3
previous_last_updated,3
employee_last_updated,3
last_updated,3
last_updated_data,3
customer_last_updated,3
last_updated_number,3
last_updated_details,3
date_details,3
monthly_date,3
date_number,3
date,3
date_value,3
customer_date,3
date_code,3
previous_date,3
old_date,3
date_amount,3
employee_date,3
date_info,3
user_date,3
annual_date,3
patient_date,3
current_date,3
date_data,3
new_date,3
date_id,3
staff_date,3
current_time,3
user_time,3
annual_time,3
staff_time,3
time_info,3
patient_time,3
time_amount,3
time_value,3
time,3
time_details,3
customer_time,3
old_time,3
new_time,3
monthly_time,3
time_number,3
employee_time,3
time_id,3
time_code,3
previous_time,3
time_data,3
previous_datetime,3
datetime_number,3
staff_datetime,3
annual_datetime,3
datetime_info,3
datetime_data,3
customer_datetime,3
datetime_id,3
old_datetime,3
datetime_code,3
datetime,3
datetime_amount,3
employee_datetime,3
current_datetime,3
monthly_datetime,3
datetime_details,3
datetime_value,3
user_datetime,3
patient_datetime,3
new_datetime,3
staff_year,3
new_year,3
previous_year,3
year_details,3
year_code,3
year_data,3
current_year,3
old_year,3
year_value,3
user_year,3
patient_year,3
year,3
year_amount,3
annual_year,3
customer_year,3
year_id,3
year_number,3
year_info,3
employee_year,3
monthly_year,3
month_code,3
month_details,3
month_value,3
monthly_month,3
month_number,3
month_data,3
patient_month,3
customer_month,3
annual_month,3
month_id,3
previous_month,3
staff_month,3
user_month,3
current_month,3
month,3
employee_month,3
old_month,3
month_info,3
new_month,3
month_amount,3
patient_day,3
customer_day,3
day_value,3
current_day,3
day_code,3
day_details,3
day_number,3
old_day,3
employee_day,3
monthly_day,3
new_day,3
day_amount,3
day_id,3
day_info,3
day_data,3
annual_day,3
user_day,3
previous_day,3
day,3
staff_day,3
patient_week,3
week_data,3
staff_week,3
user_week,3
annual_week,3
monthly_week,3
employee_week,3
week,3
week_info,3
week_value,3
week_number,3
week_amount,3
previous_week,3
old_week,3
week_details,3
week_id,3
customer_week,3
new_week,3
week_code,3
current_week,3
current_product_id,3
employee_product_id,3
product_id_code,3
product_id,3
product_id_info,3
product_id_id,3
customer_product_id,3
user_product_id,3
old_product_id,3
product_id_number,3
staff_product_id,3
previous_product_id,3
new_product_id,3
product_id_value,3
annual_product_id,3
product_id_amount,3
monthly_product_id,3
patient_product_id,3
product_id_data,3
product_id_details,3
patient_item_id,3
monthly_item_id,3
customer_item_id,3
item_id_amount,3
user_item_id,3
item_id_details,3
new_item_id,3
item_id_info,3
item_id_id,3
old_item_id,3
item_id_data,3
item_id_value,3
employee_item_id,3
item_id_code,3
item_id_number,3
annual_item_id,3
item_id,3
previous_item_id,3
current_item_id,3
staff_item_id,3
patient_sku,3
sku_value,3
staff_sku,3
sku_data,3
old_sku,3
current_sku,3
new_sku,3
monthly_sku,3
employee_sku,3
sku_info,3
sku_code,3
sku,3
customer_sku,3
user_sku,3
sku_details,3
annual_sku,3
sku_number,3
sku_amount,3
previous_sku,3
sku_id,3
product_code,3
annual_product_code,3
patient_product_code,3
current_product_code,3
monthly_product_code,3
product_code_id,3
product_code_number,3
staff_product_code,3
user_product_code,3
product_code_details,3
customer_product_code,3
new_product_code,3
product_code_data,3
product_code_code,3
employee_product_code,3
old_product_code,3
product_code_value,3
product_code_info,3
product_code_amount,3
previous_product_code,3
current_product_name,3
employee_product_name,3
patient_product_name,3
product_name,3
customer_product_name,3
staff_product_name,3
product_name_id,3
product_name_amount,3
monthly_product_name,3
previous_product_name,3
product_name_info,3
product_name_value,3
product_name_code,3
new_product_name,3
product_name_details,3
old_product_name,3
annual_product_name,3
product_name_data,3
product_name_number,3
user_product_name,3
annual_item_name,3
patient_item_name,3
monthly_item_name,3
item_name_info,3
item_name_number,3
employee_item_name,3
item_name_value,3
new_item_name,3
customer_item_name,3
item_name_details,3
user_item_name,3
item_name_id,3
item_name,3
current_item_name,3
staff_item_name,3
old_item_name,3
item_name_amount,3
item_name_data,3
previous_item_name,3
item_name_code,3
product_category_id,3
product_category_code,3
product_category_details,3
staff_product_category,3
product_category,3
current_product_category,3
user_product_category,3
product_category_info,3
annual_product_category,3
product_category_value,3
product_category_number,3
old_product_category,3
customer_product_category,3
patient_product_category,3
product_category_amount,3
product_category_data,3
new_product_category,3
previous_product_category,3
monthly_product_category,3
employee_product_category,3
annual_category,3
category_data,3
category,3
category_number,3
monthly_category,3
user_category,3
previous_category,3
patient_category,3
category_details,3
old_category,3
category_code,3
new_category,3
customer_category,3
current_category,3
category_amount,3
employee_category,3
category_info,3
category_id,3
category_value,3
staff_category,3
subcategory_code,3
user_subcategory,3
monthly_subcategory,3
annual_subcategory,3
subcategory_data,3
new_subcategory,3
subcategory_details,3
previous_subcategory,3
current_subcategory,3
subcategory_amount,3
subcategory_info,3
subcategory_number,3
patient_subcategory,3
subcategory,3
customer_subcategory,3
old_subcategory,3
subcategory_value,3
subcategory_id,3
employee_subcategory,3
staff_subcategory,3
department_details,3
old_department,3
annual_department,3
customer_department,3
staff_department,3
department_number,3
department_data,3
department_info,3
current_department,3
employee_department,3
patient_department,3
user_department,3
department_id,3
department_value,3
department,3
new_department,3
previous_department,3
department_code,3
monthly_department,3
department_amount,3
brand,3
brand_amount,3
previous_brand,3
patient_brand,3
brand_id,3
customer_brand,3
staff_brand,3
old_brand,3
brand_number,3
brand_details,3
annual_brand,3
new_brand,3
current_brand,3
brand_code,3
brand_value,3
brand_info,3
employee_brand,3
user_brand,3
brand_data,3
monthly_brand,3
manufacturer_data,3
manufacturer_info,3
manufacturer_number,3
old_manufacturer,3
employee_manufacturer,3
user_manufacturer,3
manufacturer,3
manufacturer_amount,3
monthly_manufacturer,3
patient_manufacturer,3
manufacturer_details,3
annual_manufacturer,3
current_manufacturer,3
manufacturer_value,3
manufacturer_code,3
previous_manufacturer,3
staff_manufacturer,3
customer_manufacturer,3
manufacturer_id,3
new_manufacturer,3
monthly_model,3
model_code,3
model_info,3
model_details,3
annual_model,3
model_value,3
old_model,3
patient_model,3
model_data,3
previous_model,3
staff_model,3
current_model,3
customer_model,3
user_model,3
model_amount,3
model_id,3
employee_model,3
model_number,3
model,3
new_model,3
order_id_number,3
order_id_value,3
order_id_amount,3
order_id_data,3
current_order_id,3
staff_order_id,3
patient_order_id,3
employee_order_id,3
old_order_id,3
user_order_id,3
order_id_info,3
new_order_id,3
previous_order_id,3
order_id_details,3
annual_order_id,3
order_id_code,3
monthly_order_id,3
customer_order_id,3
order_id_id,3
order_id,3
transaction_id_details,3
transaction_id_data,3
user_transaction_id,3
transaction_id_id,3
previous_transaction_id,3
transaction_id_value,3
staff_transaction_id,3
employee_transaction_id,3
monthly_transaction_id,3
transaction_id_number,3
patient_transaction_id,3
transaction_id_code,3
new_transaction_id,3
transaction_id_info,3
customer_transaction_id,3
transaction_id_amount,3
annual_transaction_id,3
current_transaction_id,3
transaction_id,3
old_transaction_id,3
staff_invoice_id,3
invoice_id_code,3
current_invoice_id,3
invoice_id,3
previous_invoice_id,3
invoice_id_details,3
old_invoice_id,3
annual_invoice_id,3
invoice_id_number,3
invoice_id_value,3
patient_invoice_id,3
monthly_invoice_id,3
new_invoice_id,3
invoice_id_info,3
customer_invoice_id,3
invoice_id_amount,3
invoice_id_id,3
employee_invoice_id,3
invoice_id_data,3
user_invoice_id,3
patient_receipt_number,3
new_receipt_number,3
receipt_number_details,3
annual_receipt_number,3
receipt_number_code,3
monthly_receipt_number,3
user_receipt_number,3
current_receipt_number,3
receipt_number_value,3
staff_receipt_number,3
customer_receipt_number,3
receipt_number_amount,3
receipt_number,3
receipt_number_number,3
previous_receipt_number,3
receipt_number_id,3
receipt_number_info,3
receipt_number_data,3
employee_receipt_number,3
old_receipt_number,3
current_booking_id,3
previous_booking_id,3
annual_booking_id,3
old_booking_id,3
patient_booking_id,3
booking_id_id,3
booking_id_code,3
new_booking_id,3
customer_booking_id,3
booking_id_details,3
booking_id_info,3
monthly_booking_id,3
booking_id_value,3
employee_booking_id,3
staff_booking_id,3
booking_id,3
booking_id_number,3
user_booking_id,3
booking_id_data,3
booking_id_amount,3
customer_reservation_id,3
reservation_id_id,3
reservation_id,3
reservation_id_value,3
patient_reservation_id,3
user_reservation_id,3
reservation_id_amount,3
previous_reservation_id,3
old_reservation_id,3
reservation_id_details,3
reservation_id_data,3
reservation_id_info,3
reservation_id_code,3
new_reservation_id,3
monthly_reservation_id,3
staff_reservation_id,3
annual_reservation_id,3
employee_reservation_id,3
current_reservation_id,3
reservation_id_number,3
staff_quantity,3
employee_quantity,3
quantity_details,3
user_quantity,3
quantity_value,3
old_quantity,3
patient_quantity,3
customer_quantity,3
quantity_data,3
quantity_number,3
current_quantity,3
new_quantity,3
quantity_amount,3
previous_quantity,3
quantity,3
quantity_info,3
quantity_code,3
annual_quantity,3
quantity_id,3
monthly_quantity,3
units_data,3
annual_units,3
previous_units,3
units_info,3
units_amount,3
employee_units,3
old_units,3
patient_units,3
customer_units,3
units_value,3
new_units,3
monthly_units,3
units,3
user_units,3
current_units,3
units_number,3
units_id,3
staff_units,3
units_code,3
units_details,3
count_info,3
customer_count,3
count_details,3
count_data,3
patient_count,3
count_amount,3
count,3
previous_count,3
count_number,3
annual_count,3
new_count,3
monthly_count,3
current_count,3
old_count,3
count_value,3
employee_count,3
user_count,3
staff_count,3
count_code,3
count_id,3
customer_total,3
new_total,3
previous_total,3
total_amount,3
employee_total,3
total_id,3
monthly_total,3
total,3
old_total,3
total_info,3
user_total,3
current_total,3
staff_total,3
total_number,3
patient_total,3
total_data,3
annual_total,3
total_details,3
total_value,3
total_code,3
staff_amount,3
amount_code,3
previous_amount,3
user_amount,3
amount_amount,3
annual_amount,3
current_amount,3
amount_data,3
customer_amount,3
amount_details,3
amount_id,3
amount_number,3
monthly_amount,3
employee_amount,3
patient_amount,3
amount,3
amount_info,3
amount_value,3
old_amount,3
new_amount,3
current_price,3
user_price,3
price_code,3
employee_price,3
price_details,3
staff_price,3
price_info,3
price_data,3
annual_price,3
patient_price,3
new_price,3
price_value,3
previous_price,3
price_amount,3
price_number,3
old_price,3
customer_price,3
price,3
price_id,3
monthly_price,3
cost,3
cost_number,3
staff_cost,3
cost_id,3
cost_amount,3
cost_data,3
cost_info,3
patient_cost,3
new_cost,3
monthly_cost,3
user_cost,3
cost_details,3
cost_value,3
annual_cost,3
old_cost,3
employee_cost,3
customer_cost,3
current_cost,3
cost_code,3
previous_cost,3
monthly_fee,3
current_fee,3
fee_amount,3
new_fee,3
fee_details,3
annual_fee,3
fee_info,3
fee_number,3
fee_code,3
user_fee,3
fee,3
fee_data,3
employee_fee,3
staff_fee,3
fee_value,3
fee_id,3
old_fee,3
previous_fee,3
customer_fee,3
patient_fee,3
user_discount,3
discount_value,3
discount_data,3
discount_id,3
discount_code,3
patient_discount,3
new_discount,3
employee_discount,3
current_discount,3
customer_discount,3
previous_discount,3
staff_discount,3
discount,3
annual_discount,3
old_discount,3
discount_details,3
monthly_discount,3
discount_info,3
discount_number,3
discount_amount,3
tax_id,3
monthly_tax,3
tax_info,3
tax_details,3
employee_tax,3
tax,3
old_tax,3
annual_tax,3
tax_data,3
tax_number,3
current_tax,3
staff_tax,3
tax_amount,3
new_tax,3
tax_code,3
patient_tax,3
previous_tax,3
customer_tax,3
user_tax,3
tax_value,3
monthly_vat,3
user_vat,3
vat_number,3
vat,3
vat_id,3
patient_vat,3
vat_amount,3
vat_info,3
vat_details,3
annual_vat,3
vat_value,3
current_vat,3
vat_data,3
customer_vat,3
employee_vat,3
old_vat,3
previous_vat,3
staff_vat,3
vat_code,3
new_vat,3
employee_gst,3
previous_gst,3
gst_code,3
gst_amount,3
gst_id,3
user_gst,3
gst_data,3
current_gst,3
new_gst,3
old_gst,3
gst_number,3
gst_info,3
gst_value,3
patient_gst,3
gst,3
customer_gst,3
annual_gst,3
monthly_gst,3
gst_details,3
staff_gst,3
monthly_rating,3
staff_rating,3
current_rating,3
customer_rating,3
rating_data,3
rating_value,3
new_rating,3
rating_id,3
old_rating,3
rating_number,3
annual_rating,3
employee_rating,3
rating_amount,3
rating_details,3
patient_rating,3
rating_info,3
rating,3
previous_rating,3
rating_code,3
user_rating,3
review_info,3
monthly_review,3
current_review,3
user_review,3
review,3
review_data,3
previous_review,3
review_number,3
old_review,3
review_id,3
patient_review,3
review_details,3
review_code,3
employee_review,3
review_amount,3
customer_review,3
review_value,3
new_review,3
annual_review,3
staff_review,3
customer_feedback,3
patient_feedback,3
feedback_info,3
feedback_details,3
monthly_feedback,3
old_feedback,3
feedback_code,3
feedback,3
feedback_amount,3
annual_feedback,3
feedback_number,3
feedback_data,3
employee_feedback,3
staff_feedback,3
feedback_id,3
user_feedback,3
current_feedback,3
new_feedback,3
feedback_value,3
previous_feedback,3
patient_comment,3
annual_comment,3
comment_code,3
monthly_comment,3
user_comment,3
new_comment,3
customer_comment,3
comment,3
comment_id,3
comment_data,3
current_comment,3
previous_comment,3
old_comment,3
employee_comment,3
comment_amount,3
staff_comment,3
comment_details,3
comment_value,3
comment_info,3
comment_number,3
previous_status,3
new_status,3
status_id,3
current_status,3
old_status,3
employee_status,3
status_code,3
monthly_status,3
status_value,3
status_info,3
staff_status,3
patient_status,3
status,3
customer_status,3
status_data,3
status_details,3
user_status,3
annual_status,3
status_amount,3
status_number,3
flag_number,3
flag_details,3
flag_code,3
new_flag,3
current_flag,3
staff_flag,3
old_flag,3
flag_value,3
flag_info,3
previous_flag,3
flag_data,3
customer_flag,3
user_flag,3
flag_amount,3
monthly_flag,3
patient_flag,3
flag,3
annual_flag,3
employee_flag,3
flag_id,3
is_active_number,3
is_active_id,3
old_is_active,3
is_active_details,3
staff_is_active,3
is_active,3
annual_is_active,3
is_active_data,3
is_active_code,3
current_is_active,3
new_is_active,3
is_active_info,3
monthly_is_active,3
employee_is_active,3
is_active_value,3
customer_is_active,3
user_is_active,3
previous_is_active,3
is_active_amount,3
patient_is_active,3
annual_is_deleted,3
employee_is_deleted,3
is_deleted,3
patient_is_deleted,3
customer_is_deleted,3
is_deleted_info,3
new_is_deleted,3
staff_is_deleted,3
is_deleted_details,3
is_deleted_data,3
user_is_deleted,3
is_deleted_number,3
old_is_deleted,3
is_deleted_value,3
monthly_is_deleted,3
current_is_deleted,3
is_deleted_id,3
is_deleted_amount,3
is_deleted_code,3
previous_is_deleted,3
staff_enabled,3
enabled_amount,3
enabled_details,3
employee_enabled,3
previous_enabled,3
annual_enabled,3
enabled_number,3
current_enabled,3
enabled_data,3
monthly_enabled,3
user_enabled,3
enabled_info,3
enabled_code,3
enabled_value,3
old_enabled,3
new_enabled,3
enabled_id,3
patient_enabled,3
enabled,3
customer_enabled,3
user_approved,3
new_approved,3
customer_approved,3
approved_details,3
employee_approved,3
monthly_approved,3
approved_number,3
approved_amount,3
approved_data,3
approved_value,3
old_approved,3
approved_code,3
previous_approved,3
approved_id,3
current_approved,3
approved_info,3
staff_approved,3
patient_approved,3
annual_approved,3
approved,3
verified,3
current_verified,3
verified_number,3
verified_code,3
patient_verified,3
staff_verified,3
verified_data,3
annual_verified,3
old_verified,3
verified_details,3
user_verified,3
new_verified,3
previous_verified,3
customer_verified,3
monthly_verified,3
verified_info,3
employee_verified,3
verified_amount,3
verified_value,3
verified_id,3
staff_version,3
version_data,3
version_details,3
annual_version,3
patient_version,3
version_code,3
version_id,3
old_version,3
monthly_version,3
user_version,3
version,3
version_info,3
current_version,3
previous_version,3
version_amount,3
new_version,3
customer_version,3
version_number,3
employee_version,3
version_value,3
new_revision,3
old_revision,3
revision_info,3
revision_details,3
monthly_revision,3
staff_revision,3
revision_amount,3
revision_code,3
employee_revision,3
revision_id,3
revision,3
annual_revision,3
current_revision,3
customer_revision,3
revision_value,3
revision_data,3
previous_revision,3
user_revision,3
patient_revision,3
revision_number,3
old_build_number,3
patient_build_number,3
customer_build_number,3
build_number_amount,3
user_build_number,3
build_number_info,3
annual_build_number,3
build_number_data,3
monthly_build_number,3
staff_build_number,3
previous_build_number,3
build_number_value,3
build_number_code,3
employee_build_number,3
build_number_details,3
build_number,3
new_build_number,3
build_number_number,3
current_build_number,3
build_number_id,3
session_id_number,3
session_id_value,3
session_id_code,3
new_session_id,3
session_id_data,3
customer_session_id,3
employee_session_id,3
session_id_details,3
session_id_info,3
patient_session_id,3
user_session_id,3
session_id,3
staff_session_id,3
old_session_id,3
session_id_id,3
annual_session_id,3
session_id_amount,3
current_session_id,3
monthly_session_id,3
previous_session_id,3
log_id_details,3
staff_log_id,3
log_id_id,3
log_id_amount,3
employee_log_id,3
log_id_info,3
previous_log_id,3
user_log_id,3
monthly_log_id,3
log_id,3
current_log_id,3
log_id_number,3
log_id_data,3
customer_log_id,3
log_id_code,3
old_log_id,3
log_id_value,3
annual_log_id,3
patient_log_id,3
new_log_id,3
event_id_id,3
event_id_value,3
event_id_code,3
annual_event_id,3
previous_event_id,3
new_event_id,3
monthly_event_id,3
user_event_id,3
old_event_id,3
event_id_data,3
employee_event_id,3
event_id_details,3
current_event_id,3
event_id_info,3
event_id_amount,3
event_id,3
staff_event_id,3
customer_event_id,3
event_id_number,3
patient_event_id,3
page_views_details,3
staff_page_views,3
page_views,3
page_views_amount,3
patient_page_views,3
annual_page_views,3
page_views_value,3
page_views_code,3
employee_page_views,3
current_page_views,3
customer_page_views,3
monthly_page_views,3
new_page_views,3
old_page_views,3
previous_page_views,3
page_views_data,3
page_views_id,3
page_views_number,3
user_page_views,3
page_views_info,3
clicks,3
clicks_info,3
clicks_number,3
clicks_data,3
clicks_amount,3
employee_clicks,3
monthly_clicks,3
patient_clicks,3
clicks_id,3
clicks_details,3
clicks_value,3
staff_clicks,3
customer_clicks,3
old_clicks,3
previous_clicks,3
annual_clicks,3
new_clicks,3
clicks_code,3
user_clicks,3
current_clicks,3
old_impressions,3
annual_impressions,3
impressions_details,3
impressions_value,3
impressions,3
new_impressions,3
impressions_id,3
previous_impressions,3
employee_impressions,3
staff_impressions,3
impressions_number,3
impressions_code,3
current_impressions,3
user_impressions,3
patient_impressions,3
impressions_amount,3
monthly_impressions,3
impressions_info,3
customer_impressions,3
impressions_data,3
patient_conversion,3
conversion_number,3
conversion_amount,3
conversion_data,3
previous_conversion,3
conversion_id,3
old_conversion,3
annual_conversion,3
current_conversion,3
monthly_conversion,3
employee_conversion,3
new_conversion,3
conversion_details,3
user_conversion,3
conversion,3
conversion_code,3
customer_conversion,3
conversion_info,3
staff_conversion,3
conversion_value,3
new_bounce_rate,3
bounce_rate_amount,3
bounce_rate_number,3
bounce_rate,3
annual_bounce_rate,3
monthly_bounce_rate,3
old_bounce_rate,3
previous_bounce_rate,3
bounce_rate_details,3
patient_bounce_rate,3
bounce_rate_id,3
bounce_rate_data,3
staff_bounce_rate,3
user_bounce_rate,3
bounce_rate_info,3
current_bounce_rate,3
customer_bounce_rate,3
bounce_rate_value,3
bounce_rate_code,3
employee_bounce_rate,3
employee_ctr,3
ctr_info,3
staff_ctr,3
old_ctr,3
ctr_id,3
patient_ctr,3
ctr_number,3
annual_ctr,3
ctr,3
user_ctr,3
ctr_value,3
previous_ctr,3
new_ctr,3
ctr_data,3
current_ctr,3
ctr_details,3
ctr_amount,3
monthly_ctr,3
ctr_code,3
customer_ctr,3
latitude_zone_info,3
latitude_zone_amount,3
previous_latitude_zone,3
annual_latitude_zone,3
latitude_zone_id,3
latitude_zone_data,3
employee_latitude_zone,3
customer_latitude_zone,3
latitude_zone_value,3
latitude_zone_details,3
staff_latitude_zone,3
user_latitude_zone,3
latitude_zone_number,3
current_latitude_zone,3
new_latitude_zone,3
patient_latitude_zone,3
old_latitude_zone,3
monthly_latitude_zone,3
latitude_zone_code,3
latitude_zone,3
region_code_number,3
region_code_details,3
region_code_id,3
region_code_data,3
previous_region_code,3
new_region_code,3
current_region_code,3
region_code,3
employee_region_code,3
region_code_amount,3
user_region_code,3
customer_region_code,3
staff_region_code,3
patient_region_code,3
annual_region_code,3
region_code_info,3
region_code_value,3
old_region_code,3
monthly_region_code,3
region_code_code,3
annual_area_name,3
area_name_details,3
area_name_number,3
area_name_amount,3
area_name_code,3
area_name_info,3
previous_area_name,3
patient_area_name,3
customer_area_name,3
user_area_name,3
current_area_name,3
staff_area_name,3
area_name_value,3
area_name,3
new_area_name,3
monthly_area_name,3
old_area_name,3
area_name_data,3
area_name_id,3
employee_area_name,3
customer_store_id,3
staff_store_id,3
user_store_id,3
employee_store_id,3
patient_store_id,3
store_id_amount,3
annual_store_id,3
old_store_id,3
current_store_id,3
store_id,3
store_id_data,3
store_id_id,3
new_store_id,3
store_id_info,3
store_id_code,3
store_id_value,3
store_id_details,3
store_id_number,3
previous_store_id,3
monthly_store_id,3
branch_id_info,3
user_branch_id,3
branch_id_value,3
branch_id_details,3
branch_id_amount,3
branch_id_data,3
annual_branch_id,3
old_branch_id,3
customer_branch_id,3
patient_branch_id,3
new_branch_id,3
employee_branch_id,3
branch_id_number,3
branch_id_id,3
monthly_branch_id,3
current_branch_id,3
branch_id_code,3
previous_branch_id,3
branch_id,3
staff_branch_id,3
monthly_outlet_id,3
outlet_id_id,3
current_outlet_id,3
patient_outlet_id,3
outlet_id,3
outlet_id_value,3
previous_outlet_id,3
new_outlet_id,3
outlet_id_data,3
outlet_id_details,3
staff_outlet_id,3
outlet_id_info,3
user_outlet_id,3
outlet_id_number,3
annual_outlet_id,3
outlet_id_code,3
outlet_id_amount,3
employee_outlet_id,3
customer_outlet_id,3
old_outlet_id,3
old_channel,3
user_channel,3
patient_channel,3
current_channel,3
channel_amount,3
customer_channel,3
channel_info,3
channel_details,3
channel,3
monthly_channel,3
previous_channel,3
employee_channel,3
channel_number,3
channel_id,3
channel_data,3
channel_code,3
staff_channel,3
channel_value,3
annual_channel,3
new_channel,3
source,3
source_id,3
source_value,3
previous_source,3
patient_source,3
source_info,3
annual_source,3
source_amount,3
source_data,3
old_source,3
source_details,3
employee_source,3
staff_source,3
monthly_source,3
source_number,3
new_source,3
current_source,3
source_code,3
customer_source,3
user_source,3
medium,3
customer_medium,3
previous_medium,3
medium_number,3
medium_details,3
patient_medium,3
medium_value,3
annual_medium,3
employee_medium,3
medium_code,3
medium_amount,3
monthly_medium,3
user_medium,3
new_medium,3
medium_data,3
staff_medium,3
current_medium,3
medium_id,3
medium_info,3
old_medium,3
campaign_id,3
annual_campaign,3
current_campaign,3
monthly_campaign,3
campaign_amount,3
previous_campaign,3
campaign_code,3
campaign_number,3
campaign_data,3
old_campaign,3
new_campaign,3
employee_campaign,3
campaign_value,3
staff_campaign,3
campaign_details,3
patient_campaign,3
customer_campaign,3
user_campaign,3
campaign_info,3
campaign,3
tag_info,3
previous_tag,3
tag_data,3
patient_tag,3
tag_code,3
staff_tag,3
user_tag,3
tag,3
employee_tag,3
tag_value,3
tag_details,3
tag_id,3
annual_tag,3
tag_amount,3
tag_number,3
customer_tag,3
current_tag,3
new_tag,3
old_tag,3
monthly_tag,3
user_label,3
label_value,3
annual_label,3
monthly_label,3
employee_label,3
label,3
new_label,3
label_details,3
label_id,3
patient_label,3
current_label,3
customer_label,3
old_label,3
label_info,3
previous_label,3
label_number,3
staff_label,3
label_code,3
label_amount,3
label_data,3
type_code,3
type_details,3
current_type,3
old_type,3
type_data,3
type_amount,3
staff_type,3
employee_type,3
type_info,3
type,3
previous_type,3
type_value,3
patient_type,3
monthly_type,3
user_type,3
annual_type,3
customer_type,3
type_id,3
new_type,3
type_number,3
class_id,3
patient_class,3
user_class,3
old_class,3
new_class,3
class_data,3
previous_class,3
class,3
class_info,3
class_number,3
class_details,3
class_amount,3
class_code,3
annual_class,3
monthly_class,3
employee_class,3
staff_class,3
current_class,3
customer_class,3
class_value,3
annual_priority,3
priority_details,3
priority_amount,3
priority,3
current_priority,3
staff_priority,3
priority_data,3
employee_priority,3
monthly_priority,3
previous_priority,3
priority_number,3
priority_code,3
priority_info,3
old_priority,3
priority_id,3
priority_value,3
new_priority,3
customer_priority,3
patient_priority,3
user_priority,3
severity_info,3
previous_severity,3
severity_amount,3
old_severity,3
customer_severity,3
staff_severity,3
severity_value,3
severity_data,3
employee_severity,3
severity_number,3
annual_severity,3
severity_id,3
patient_severity,3
severity_code,3
user_severity,3
new_severity,3
monthly_severity,3
severity,3
current_severity,3
severity_details,3
level_id,3
old_level,3
staff_level,3
level_code,3
patient_level,3
current_level,3
user_level,3
level_number,3
monthly_level,3
level_amount,3
level,3
level_data,3
level_info,3
level_value,3
new_level,3
annual_level,3
customer_level,3
employee_level,3
level_details,3
previous_level,3
duration_info,3
old_duration,3
duration_value,3
duration,3
monthly_duration,3
current_duration,3
duration_code,3
staff_duration,3
employee_duration,3
duration_id,3
duration_data,3
duration_details,3
patient_duration,3
user_duration,3
previous_duration,3
duration_amount,3
duration_number,3
customer_duration,3
new_duration,3
annual_duration,3
old_frequency,3
frequency_code,3
frequency_info,3
customer_frequency,3
employee_frequency,3
frequency_data,3
frequency_details,3
monthly_frequency,3
previous_frequency,3
annual_frequency,3
user_frequency,3
frequency_value,3
frequency_id,3
frequency,3
frequency_amount,3
new_frequency,3
patient_frequency,3
staff_frequency,3
frequency_number,3
current_frequency,3
interval_number,3
old_interval,3
employee_interval,3
previous_interval,3
interval,3
staff_interval,3
annual_interval,3
interval_details,3
patient_interval,3
new_interval,3
monthly_interval,3
interval_amount,3
user_interval,3
interval_info,3
interval_value,3
customer_interval,3
current_interval,3
interval_code,3
interval_id,3
interval_data,3
monthly_file_name,3
file_name_data,3
user_file_name,3
employee_file_name,3
previous_file_name,3
annual_file_name,3
customer_file_name,3
file_name_value,3
file_name_number,3
file_name_amount,3
new_file_name,3
file_name_details,3
patient_file_name,3
old_file_name,3
current_file_name,3
file_name_code,3
staff_file_name,3
file_name_info,3
file_name,3
file_name_id,3
old_file_type,3
current_file_type,3
file_type_code,3
user_file_type,3
annual_file_type,3
new_file_type,3
previous_file_type,3
file_type_details,3
file_type_number,3
file_type_amount,3
monthly_file_type,3
file_type_id,3
file_type_info,3
file_type_value,3
file_type,3
patient_file_type,3
customer_file_type,3
staff_file_type,3
employee_file_type,3
file_type_data,3
extension_code,3
new_extension,3
extension_details,3
extension_id,3
monthly_extension,3
extension_data,3
staff_extension,3
customer_extension,3
previous_extension,3
annual_extension,3
current_extension,3
extension_number,3
extension_info,3
extension_value,3
user_extension,3
employee_extension,3
extension,3
patient_extension,3
old_extension,3
extension_amount,3
old_language_code,3
language_code_info,3
monthly_language_code,3
language_code,3
language_code_data,3
annual_language_code,3
language_code_value,3
language_code_code,3
new_language_code,3
user_language_code,3
language_code_details,3
current_language_code,3
customer_language_code,3
employee_language_code,3
language_code_number,3
staff_language_code,3
previous_language_code,3
patient_language_code,3
language_code_id,3
language_code_amount,3
locale_code,3
annual_locale,3
employee_locale,3
old_locale,3
locale_value,3
staff_locale,3
locale_id,3
locale_details,3
locale,3
customer_locale,3
locale_number,3
locale_info,3
locale_data,3
patient_locale,3
current_locale,3
user_locale,3
locale_amount,3
previous_locale,3
monthly_locale,3
new_locale,3
timezone_data,3
previous_timezone,3
timezone_code,3
timezone_value,3
timezone_number,3
timezone_amount,3
employee_timezone,3
user_timezone,3
new_timezone,3
annual_timezone,3
monthly_timezone,3
staff_timezone,3
timezone_details,3
old_timezone,3
timezone,3
current_timezone,3
timezone_id,3
patient_timezone,3
customer_timezone,3
timezone_info,3
customer_currency,3
staff_currency,3
old_currency,3
annual_currency,3
employee_currency,3
currency,3
current_currency,3
currency_number,3
currency_id,3
patient_currency,3
currency_code,3
new_currency,3
currency_data,3
previous_currency,3
currency_info,3
currency_details,3
currency_value,3
monthly_currency,3
currency_amount,3
user_currency,3
exchange_rate_number,3
previous_exchange_rate,3
annual_exchange_rate,3
old_exchange_rate,3
user_exchange_rate,3
exchange_rate_code,3
exchange_rate_details,3
exchange_rate_amount,3
exchange_rate_value,3
staff_exchange_rate,3
customer_exchange_rate,3
employee_exchange_rate,3
exchange_rate_id,3
exchange_rate_data,3
current_exchange_rate,3
exchange_rate,3
patient_exchange_rate,3
new_exchange_rate,3
monthly_exchange_rate,3
exchange_rate_info,3
patient_color,3
current_color,3
color_value,3
color,3
color_number,3
color_id,3
monthly_color,3
previous_color,3
staff_color,3
color_code,3
color_amount,3
color_info,3
color_data,3
employee_color,3
annual_color,3
old_color,3
color_details,3
customer_color,3
user_color,3
new_color,3
staff_size,3
current_size,3
size,3
size_info,3
size_value,3
employee_size,3
old_size,3
size_amount,3
new_size,3
patient_size,3
annual_size,3
size_details,3
size_number,3
size_data,3
customer_size,3
size_id,3
previous_size,3
monthly_size,3
size_code,3
user_size,3
weight_kg_data,3
patient_weight_kg,3
weight_kg_amount,3
weight_kg_details,3
weight_kg_code,3
old_weight_kg,3
annual_weight_kg,3
weight_kg_value,3
weight_kg_number,3
new_weight_kg,3
customer_weight_kg,3
weight_kg_info,3
user_weight_kg,3
monthly_weight_kg,3
weight_kg,3
current_weight_kg,3
previous_weight_kg,3
employee_weight_kg,3
staff_weight_kg,3
weight_kg_id,3
current_dimension,3
new_dimension,3
previous_dimension,3
customer_dimension,3
dimension_id,3
dimension_details,3
dimension_code,3
staff_dimension,3
annual_dimension,3
user_dimension,3
dimension_info,3
dimension_data,3
monthly_dimension,3
employee_dimension,3
dimension_number,3
dimension,3
old_dimension,3
dimension_amount,3
patient_dimension,3
dimension_value,3
patient_description,3
description_data,3
description_number,3
description_code,3
current_description,3
previous_description,3
monthly_description,3
employee_description,3
annual_description,3
user_description,3
new_description,3
old_description,3
description_info,3
customer_description,3
description_id,3
description,3
description_value,3
description_amount,3
description_details,3
staff_description,3
previous_notes,3
annual_notes,3
staff_notes,3
new_notes,3
notes_id,3
notes_details,3
user_notes,3
current_notes,3
patient_notes,3
notes_data,3
notes_number,3
notes_info,3
customer_notes,3
notes,3
notes_value,3
notes_code,3
monthly_notes,3
notes_amount,3
employee_notes,3
old_notes,3
monthly_remarks,3
remarks_data,3
remarks_details,3
remarks_amount,3
previous_remarks,3
remarks_value,3
current_remarks,3
remarks,3
patient_remarks,3
user_remarks,3
remarks_number,3
remarks_code,3
old_remarks,3
new_remarks,3
staff_remarks,3
remarks_id,3
employee_remarks,3
customer_remarks,3
annual_remarks,3
remarks_info,3
annual_summary,3
summary_id,3
current_summary,3
employee_summary,3
summary,3
patient_summary,3
staff_summary,3
customer_summary,3
summary_data,3
summary_amount,3
old_summary,3
summary_number,3
summary_code,3
new_summary,3
monthly_summary,3
user_summary,3
summary_value,3
summary_info,3
previous_summary,3
summary_details,3
monthly_target,3
old_target,3
target_value,3
patient_target,3
target_number,3
target_data,3
new_target,3
target_details,3
current_target,3
target_id,3
employee_target,3
target,3
annual_target,3
staff_target,3
target_amount,3
user_target,3
target_code,3
previous_target,3
customer_target,3
target_info,3
output,3
new_output,3
monthly_output,3
output_id,3
old_output,3
customer_output,3
staff_output,3
current_output,3
output_amount,3
user_output,3
patient_output,3
previous_output,3
output_data,3
employee_output,3
annual_output,3
output_info,3
output_value,3
output_details,3
output_code,3
output_number,3
employee_prediction,3
prediction_info,3
previous_prediction,3
prediction_id,3
user_prediction,3
prediction,3
prediction_details,3
customer_prediction,3
prediction_data,3
prediction_value,3
prediction_number,3
old_prediction,3
current_prediction,3
monthly_prediction,3
patient_prediction,3
prediction_code,3
new_prediction,3
annual_prediction,3
prediction_amount,3
staff_prediction,3
class_label_id,3
class_label_amount,3
class_label_code,3
class_label_details,3
annual_class_label,3
class_label_data,3
new_class_label,3
employee_class_label,3
old_class_label,3
class_label,3
class_label_info,3
previous_class_label,3
current_class_label,3
patient_class_label,3
staff_class_label,3
class_label_value,3
user_class_label,3
customer_class_label,3
monthly_class_label,3
class_label_number,3
